toolchain,opt,library,rel,name,rules
clang-x64,O2,mbedtls,library/aes.c,mbedtls_aes_setkey_enc,Big_Numbers3
clang-x64,O2,mbedtls,library/aes.c,mbedtls_aes_setkey_dec,Big_Numbers3
clang-x64,O2,mbedtls,library/aes.c,mbedtls_internal_aes_decrypt,Big_Numbers3
clang-a64,O0,mbedtls,library/aes.c,aes_gen_tables,Big_Numbers3
clang-a64,O0,mbedtls,library/aes.c,mbedtls_aes_setkey_dec,Big_Numbers3
clang-a64,O0,mbedtls,library/aes.c,mbedtls_internal_aes_decrypt,Big_Numbers3
clang-arm32,O0,mbedtls,library/aes.c,aes_gen_tables,Big_Numbers3
clang-arm32,O0,mbedtls,library/aes.c,mbedtls_aes_setkey_dec,Big_Numbers3
clang-arm32,O0,mbedtls,library/aes.c,mbedtls_internal_aes_decrypt,Big_Numbers3
clang-x64,O0,mbedtls,library/aria.c,aria_fo_xor,RijnDael_AES_CHAR|RijnDael_AES_LONG|RijnDael_AES_LONG_inv
clang-x64,O0,mbedtls,library/aria.c,aria_fe_xor,RijnDael_AES_CHAR|RijnDael_AES_LONG|RijnDael_AES_LONG_inv
clang-x64,O0,mbedtls,library/aria.c,mbedtls_aria_crypt_ecb,RijnDael_AES_CHAR|RijnDael_AES_LONG|RijnDael_AES_LONG_inv
clang-x64,O2,mbedtls,library/aria.c,mbedtls_aria_setkey_enc,RijnDael_AES_CHAR|RijnDael_AES_LONG|RijnDael_AES_LONG_inv
clang-x64,O2,mbedtls,library/aria.c,aria_fo_xor,RijnDael_AES_CHAR|RijnDael_AES_LONG|RijnDael_AES_LONG_inv
clang-x64,O2,mbedtls,library/aria.c,mbedtls_aria_crypt_ecb,RijnDael_AES_CHAR|RijnDael_AES_LONG|RijnDael_AES_LONG_inv
clang-a64,O0,mbedtls,library/aria.c,aria_fo_xor,RijnDael_AES_CHAR|RijnDael_AES_LONG|RijnDael_AES_LONG_inv
clang-a64,O0,mbedtls,library/aria.c,aria_fe_xor,RijnDael_AES_CHAR|RijnDael_AES_LONG|RijnDael_AES_LONG_inv
clang-a64,O0,mbedtls,library/aria.c,mbedtls_aria_crypt_ecb,RijnDael_AES_CHAR|RijnDael_AES_LONG|RijnDael_AES_LONG_inv
clang-a64,O2,mbedtls,library/aria.c,mbedtls_aria_setkey_enc,RijnDael_AES_CHAR|RijnDael_AES_LONG|RijnDael_AES_LONG_inv
clang-a64,O2,mbedtls,library/aria.c,aria_fo_xor,RijnDael_AES_CHAR|RijnDael_AES_LONG|RijnDael_AES_LONG_inv
clang-a64,O2,mbedtls,library/aria.c,mbedtls_aria_crypt_ecb,RijnDael_AES_CHAR|RijnDael_AES_LONG|RijnDael_AES_LONG_inv
clang-arm32,O0,mbedtls,library/aria.c,aria_fo_xor,RijnDael_AES_CHAR|RijnDael_AES_LONG|RijnDael_AES_LONG_inv
clang-arm32,O0,mbedtls,library/aria.c,aria_fe_xor,RijnDael_AES_CHAR|RijnDael_AES_LONG|RijnDael_AES_LONG_inv
clang-arm32,O0,mbedtls,library/aria.c,mbedtls_aria_crypt_ecb,RijnDael_AES_CHAR|RijnDael_AES_LONG|RijnDael_AES_LONG_inv
clang-arm32,O2,mbedtls,library/aria.c,mbedtls_aria_setkey_enc,RijnDael_AES_CHAR|RijnDael_AES_LONG|RijnDael_AES_LONG_inv
clang-arm32,O2,mbedtls,library/aria.c,aria_fo_xor,RijnDael_AES_CHAR|RijnDael_AES_LONG|RijnDael_AES_LONG_inv
clang-arm32,O2,mbedtls,library/aria.c,mbedtls_aria_crypt_ecb,RijnDael_AES_CHAR|RijnDael_AES_LONG|RijnDael_AES_LONG_inv
clang-x64,O0,mbedtls,library/bignum.c,mbedtls_mpi_self_test,Big_Numbers4
clang-x64,O2,mbedtls,library/bignum.c,mbedtls_mpi_self_test,Big_Numbers4
clang-a64,O0,mbedtls,library/bignum.c,mbedtls_mpi_self_test,Big_Numbers4
clang-a64,O2,mbedtls,library/bignum.c,mbedtls_mpi_self_test,Big_Numbers4
clang-arm32,O0,mbedtls,library/bignum.c,mbedtls_mpi_self_test,Big_Numbers4
clang-arm32,O2,mbedtls,library/bignum.c,mbedtls_mpi_self_test,Big_Numbers4
clang-x64,O2,mbedtls,library/chacha20.c,mbedtls_chacha20_setkey,salsa20
clang-x64,O2,mbedtls,library/chacha20.c,mbedtls_chacha20_crypt,salsa20
clang-x64,O2,mbedtls,library/chacha20.c,mbedtls_chacha20_self_test,salsa20
clang-a64,O2,mbedtls,library/chacha20.c,mbedtls_chacha20_setkey,salsa20
clang-a64,O2,mbedtls,library/chacha20.c,mbedtls_chacha20_crypt,salsa20
clang-arm32,O2,mbedtls,library/chacha20.c,mbedtls_chacha20_setkey,salsa20
clang-arm32,O2,mbedtls,library/chacha20.c,mbedtls_chacha20_crypt,salsa20
clang-x64,O0,mbedtls,library/des.c,mbedtls_des_crypt_ecb,DES_sbox
clang-x64,O0,mbedtls,library/des.c,mbedtls_des3_crypt_ecb,DES_sbox
clang-x64,O2,mbedtls,library/des.c,mbedtls_des_crypt_ecb,DES_sbox
clang-x64,O2,mbedtls,library/des.c,mbedtls_des3_crypt_ecb,DES_sbox
clang-a64,O0,mbedtls,library/des.c,mbedtls_des_crypt_ecb,DES_sbox
clang-a64,O0,mbedtls,library/des.c,mbedtls_des3_crypt_ecb,DES_sbox
clang-a64,O2,mbedtls,library/des.c,mbedtls_des_crypt_ecb,DES_sbox
clang-a64,O2,mbedtls,library/des.c,mbedtls_des3_crypt_ecb,DES_sbox
clang-arm32,O0,mbedtls,library/des.c,mbedtls_des_crypt_ecb,DES_sbox
clang-arm32,O0,mbedtls,library/des.c,mbedtls_des3_crypt_ecb,DES_sbox
clang-arm32,O2,mbedtls,library/des.c,mbedtls_des_crypt_ecb,DES_sbox
clang-arm32,O2,mbedtls,library/des.c,mbedtls_des3_crypt_ecb,DES_sbox
clang-x64,O0,mbedtls,library/ecp.c,mbedtls_ecp_grp_id_list,Big_Numbers2
clang-x64,O0,mbedtls,library/ecp.c,ecp_add_mixed,Big_Numbers3
clang-x64,O0,mbedtls,library/ecp.c,mbedtls_ecp_self_test,Big_Numbers2
clang-x64,O0,mbedtls,library/ecp.c,self_test_point,Big_Numbers3
clang-x64,O0,mbedtls,library/ecp.c,mbedtls_mpi_mul_mod,Big_Numbers3
clang-x64,O0,mbedtls,library/ecp.c,ecp_double_jac,Big_Numbers3
clang-x64,O2,mbedtls,library/ecp.c,mbedtls_ecp_grp_id_list,Big_Numbers2
clang-x64,O2,mbedtls,library/ecp.c,mbedtls_ecp_curve_info_from_name,Big_Numbers2|Big_Numbers3
clang-x64,O2,mbedtls,library/ecp.c,ecp_add_mixed,Big_Numbers2
clang-x64,O2,mbedtls,library/ecp.c,mbedtls_ecp_self_test,Big_Numbers3
clang-x64,O2,mbedtls,library/ecp.c,self_test_point,Big_Numbers2
clang-x64,O2,mbedtls,library/ecp.c,mbedtls_mpi_mul_mod,Big_Numbers2
clang-x64,O2,mbedtls,library/ecp.c,ecp_double_jac,Big_Numbers2
clang-a64,O0,mbedtls,library/ecp.c,mbedtls_ecp_grp_id_list,Big_Numbers2
clang-a64,O0,mbedtls,library/ecp.c,ecp_add_mixed,Big_Numbers3
clang-a64,O0,mbedtls,library/ecp.c,mbedtls_ecp_self_test,Big_Numbers2
clang-a64,O0,mbedtls,library/ecp.c,self_test_point,Big_Numbers2|Big_Numbers3
clang-a64,O0,mbedtls,library/ecp.c,mbedtls_mpi_mul_mod,Big_Numbers2|Big_Numbers3
clang-a64,O0,mbedtls,library/ecp.c,ecp_double_jac,Big_Numbers3
clang-a64,O2,mbedtls,library/ecp.c,mbedtls_ecp_grp_id_list,Big_Numbers2
clang-a64,O2,mbedtls,library/ecp.c,mbedtls_ecp_curve_info_from_name,Big_Numbers2|Big_Numbers3
clang-a64,O2,mbedtls,library/ecp.c,ecp_add_mixed,Big_Numbers2
clang-a64,O2,mbedtls,library/ecp.c,mbedtls_ecp_self_test,Big_Numbers3
clang-a64,O2,mbedtls,library/ecp.c,self_test_point,Big_Numbers2
clang-a64,O2,mbedtls,library/ecp.c,mbedtls_mpi_mul_mod,Big_Numbers2
clang-a64,O2,mbedtls,library/ecp.c,ecp_double_jac,Big_Numbers2
clang-arm32,O0,mbedtls,library/ecp.c,mbedtls_ecp_grp_id_list,Big_Numbers2
clang-arm32,O0,mbedtls,library/ecp.c,ecp_add_mixed,Big_Numbers3
clang-arm32,O0,mbedtls,library/ecp.c,mbedtls_ecp_self_test,Big_Numbers2
clang-arm32,O0,mbedtls,library/ecp.c,self_test_point,Big_Numbers2|Big_Numbers3
clang-arm32,O0,mbedtls,library/ecp.c,mbedtls_mpi_mul_mod,Big_Numbers2|Big_Numbers3
clang-arm32,O0,mbedtls,library/ecp.c,ecp_double_jac,Big_Numbers2|Big_Numbers3
clang-arm32,O2,mbedtls,library/ecp.c,mbedtls_ecp_grp_id_list,Big_Numbers2
clang-arm32,O2,mbedtls,library/ecp.c,mbedtls_ecp_curve_info_from_name,Big_Numbers2|Big_Numbers3
clang-arm32,O2,mbedtls,library/ecp.c,ecp_add_mixed,Big_Numbers2
clang-arm32,O2,mbedtls,library/ecp.c,mbedtls_ecp_self_test,Big_Numbers3
clang-arm32,O2,mbedtls,library/ecp.c,self_test_point,Big_Numbers2
clang-arm32,O2,mbedtls,library/ecp.c,mbedtls_mpi_mul_mod,Big_Numbers2
clang-arm32,O2,mbedtls,library/ecp.c,ecp_double_jac,Big_Numbers2
clang-x64,O0,mbedtls,library/md5.c,mbedtls_md5_starts,MD5_Constants
clang-x64,O0,mbedtls,library/md5.c,mbedtls_internal_md5_process,MD5_Constants
clang-x64,O0,mbedtls,library/md5.c,mbedtls_md5_update,MD5_Constants
clang-x64,O0,mbedtls,library/md5.c,mbedtls_md5_finish,MD5_Constants
clang-x64,O2,mbedtls,library/md5.c,mbedtls_md5_starts,MD5_Constants
clang-x64,O2,mbedtls,library/md5.c,mbedtls_internal_md5_process,MD5_Constants
clang-x64,O2,mbedtls,library/md5.c,mbedtls_md5_update,MD5_Constants
clang-x64,O2,mbedtls,library/md5.c,mbedtls_md5_finish,MD5_Constants
clang-x64,O2,mbedtls,library/md5.c,mbedtls_md5,MD5_Constants
clang-arm32,O0,mbedtls,library/md5.c,mbedtls_md5_starts,MD5_Constants
clang-arm32,O0,mbedtls,library/md5.c,mbedtls_internal_md5_process,MD5_Constants
clang-arm32,O0,mbedtls,library/md5.c,mbedtls_md5_update,MD5_Constants
clang-arm32,O0,mbedtls,library/md5.c,mbedtls_md5_finish,MD5_Constants
clang-x64,O0,mbedtls,library/ripemd160.c,mbedtls_ripemd160_starts,RIPEMD160_Constants|SHA1_Constants
clang-x64,O2,mbedtls,library/ripemd160.c,mbedtls_ripemd160_starts,RIPEMD160_Constants|SHA1_Constants
clang-x64,O2,mbedtls,library/ripemd160.c,mbedtls_ripemd160,RIPEMD160_Constants|SHA1_Constants
clang-x64,O2,mbedtls,library/ripemd160.c,mbedtls_ripemd160_self_test,RIPEMD160_Constants|SHA1_Constants
clang-arm32,O0,mbedtls,library/ripemd160.c,mbedtls_ripemd160_starts,RIPEMD160_Constants|SHA1_Constants
clang-arm32,O0,mbedtls,library/ripemd160.c,mbedtls_ripemd160_update,RIPEMD160_Constants|SHA1_Constants
clang-x64,O0,mbedtls,library/rsa.c,mbedtls_rsa_self_test,Big_Numbers4|Big_Numbers5
clang-x64,O2,mbedtls,library/rsa.c,mbedtls_rsa_self_test,Big_Numbers4|Big_Numbers5
clang-a64,O0,mbedtls,library/rsa.c,mbedtls_rsa_self_test,Big_Numbers4|Big_Numbers5
clang-a64,O2,mbedtls,library/rsa.c,mbedtls_rsa_self_test,Big_Numbers4|Big_Numbers5
clang-arm32,O0,mbedtls,library/rsa.c,mbedtls_rsa_self_test,Big_Numbers4|Big_Numbers5
clang-arm32,O2,mbedtls,library/rsa.c,mbedtls_rsa_self_test,Big_Numbers4|Big_Numbers5
clang-x64,O0,mbedtls,library/rsa_alt_helpers.c,mbedtls_rsa_deduce_primes,Prime_Constants_char
clang-x64,O2,mbedtls,library/rsa_alt_helpers.c,mbedtls_rsa_deduce_primes,Prime_Constants_char
clang-a64,O0,mbedtls,library/rsa_alt_helpers.c,mbedtls_rsa_deduce_primes,Prime_Constants_char
clang-a64,O2,mbedtls,library/rsa_alt_helpers.c,mbedtls_rsa_deduce_primes,Prime_Constants_char
clang-arm32,O0,mbedtls,library/rsa_alt_helpers.c,mbedtls_rsa_deduce_primes,Prime_Constants_char
clang-arm32,O2,mbedtls,library/rsa_alt_helpers.c,mbedtls_rsa_deduce_primes,Prime_Constants_char
clang-x64,O0,mbedtls,library/sha1.c,mbedtls_sha1_starts,RIPEMD160_Constants|SHA1_Constants
clang-x64,O0,mbedtls,library/sha1.c,mbedtls_internal_sha1_process,SHA1_Constants
clang-x64,O2,mbedtls,library/sha1.c,mbedtls_sha1_starts,RIPEMD160_Constants|SHA1_Constants
clang-x64,O2,mbedtls,library/sha1.c,mbedtls_sha1_self_test,RIPEMD160_Constants|SHA1_Constants
clang-x64,O2,mbedtls,library/sha1.c,mbedtls_sha1,RIPEMD160_Constants|SHA1_Constants
clang-x64,O2,mbedtls,library/sha1.c,mbedtls_internal_sha1_process,SHA1_Constants
clang-arm32,O0,mbedtls,library/sha1.c,mbedtls_sha1_starts,RIPEMD160_Constants|SHA1_Constants
clang-arm32,O0,mbedtls,library/sha1.c,mbedtls_internal_sha1_process,SHA1_Constants
clang-arm32,O0,mbedtls,library/sha1.c,mbedtls_sha1_update,RIPEMD160_Constants|SHA1_Constants
clang-arm32,O0,mbedtls,library/sha1.c,mbedtls_sha1_finish,RIPEMD160_Constants|SHA1_Constants
clang-arm32,O0,mbedtls,library/sha1.c,mbedtls_sha1,SHA1_Constants
clang-arm32,O0,mbedtls,library/sha1.c,mbedtls_sha1_self_test,SHA1_Constants
clang-x64,O0,mbedtls,library/sha256.c,mbedtls_sha256_starts,SHA256_Constants
clang-x64,O2,mbedtls,library/sha256.c,mbedtls_sha256_starts,SHA256_Constants
clang-x64,O2,mbedtls,library/sha256.c,mbedtls_sha256,SHA256_Constants
clang-x64,O2,mbedtls,library/sha256.c,mbedtls_sha256_common_self_test,SHA256_Constants
clang-a64,O2,mbedtls,library/sha256.c,mbedtls_sha256_starts,SHA256_Constants
clang-a64,O2,mbedtls,library/sha256.c,mbedtls_sha256,SHA256_Constants
clang-a64,O2,mbedtls,library/sha256.c,mbedtls_sha256_common_self_test,SHA256_Constants
clang-arm32,O0,mbedtls,library/sha256.c,mbedtls_sha256_starts,SHA256_Constants
clang-arm32,O0,mbedtls,library/sha256.c,mbedtls_sha256_update,SHA256_Constants
clang-arm32,O0,mbedtls,library/sha256.c,mbedtls_internal_sha256_process_many,SHA256_Constants
clang-arm32,O0,mbedtls,library/sha256.c,mbedtls_sha256_finish,SHA256_Constants
clang-arm32,O2,mbedtls,library/sha256.c,mbedtls_sha256_starts,SHA256_Constants
clang-arm32,O2,mbedtls,library/sha256.c,mbedtls_sha256,SHA256_Constants
clang-arm32,O2,mbedtls,library/sha256.c,mbedtls_sha256_common_self_test,SHA256_Constants
clang-x64,O0,mbedtls,library/sha512.c,mbedtls_sha512_starts,SHA256_Constants
clang-x64,O0,mbedtls,library/sha512.c,mbedtls_internal_sha512_process,SHA512_Constants
clang-x64,O2,mbedtls,library/sha512.c,mbedtls_sha512_starts,SHA256_Constants
clang-x64,O2,mbedtls,library/sha512.c,mbedtls_sha512,SHA256_Constants
clang-x64,O2,mbedtls,library/sha512.c,mbedtls_sha512_common_self_test,SHA256_Constants
clang-a64,O0,mbedtls,library/sha512.c,mbedtls_internal_sha512_process,SHA512_Constants
clang-a64,O2,mbedtls,library/sha512.c,mbedtls_sha512_starts,SHA256_Constants
clang-a64,O2,mbedtls,library/sha512.c,mbedtls_internal_sha512_process,SHA512_Constants
clang-a64,O2,mbedtls,library/sha512.c,mbedtls_sha512,SHA256_Constants
clang-a64,O2,mbedtls,library/sha512.c,mbedtls_sha512_common_self_test,SHA256_Constants
clang-arm32,O0,mbedtls,library/sha512.c,mbedtls_internal_sha512_process,SHA512_Constants
clang-arm32,O2,mbedtls,library/sha512.c,mbedtls_sha512_starts,SHA256_Constants
clang-arm32,O2,mbedtls,library/sha512.c,mbedtls_sha512,SHA256_Constants
clang-arm32,O2,mbedtls,library/sha512.c,mbedtls_sha512_common_self_test,SHA256_Constants
clang-arm32,O2,mbedtls,library/sha512.c,mbedtls_internal_sha512_process,SHA512_Constants
clang-x64,O0,pqclean,common/sha2.c,crypto_hashblocks_sha256,SHA512_Constants
clang-x64,O0,pqclean,common/sha2.c,crypto_hashblocks_sha512,SHA512_Constants
clang-x64,O0,pqclean,common/sha2.c,sha256_inc_init,SHA256_Constants
clang-x64,O0,pqclean,common/sha2.c,sha384_inc_init,SHA256_Constants
clang-x64,O0,pqclean,common/sha2.c,sha512_inc_init,SHA256_Constants
clang-x64,O2,pqclean,common/sha2.c,crypto_hashblocks_sha256,SHA512_Constants
clang-x64,O2,pqclean,common/sha2.c,crypto_hashblocks_sha512,SHA512_Constants
clang-x64,O2,pqclean,common/sha2.c,sha256_inc_init,SHA256_Constants
clang-x64,O2,pqclean,common/sha2.c,sha512_inc_init,SHA256_Constants
clang-x64,O2,pqclean,common/sha2.c,sha256,SHA256_Constants
clang-x64,O2,pqclean,common/sha2.c,sha512,SHA256_Constants
clang-a64,O0,pqclean,common/sha2.c,sha256_inc_init,SHA256_Constants
clang-a64,O0,pqclean,common/sha2.c,sha384_inc_init,SHA256_Constants
clang-a64,O0,pqclean,common/sha2.c,sha512_inc_init,SHA256_Constants
clang-a64,O2,pqclean,common/sha2.c,sha256_inc_init,SHA256_Constants
clang-a64,O2,pqclean,common/sha2.c,sha512_inc_init,SHA256_Constants
clang-a64,O2,pqclean,common/sha2.c,sha256,SHA256_Constants
clang-a64,O2,pqclean,common/sha2.c,sha512,SHA256_Constants
clang-arm32,O0,pqclean,common/sha2.c,sha256_inc_init,SHA256_Constants
clang-arm32,O0,pqclean,common/sha2.c,sha384_inc_init,SHA256_Constants
clang-arm32,O0,pqclean,common/sha2.c,sha512_inc_init,SHA256_Constants
clang-arm32,O2,pqclean,common/sha2.c,sha256_inc_init,SHA256_Constants
clang-arm32,O2,pqclean,common/sha2.c,sha512_inc_init,SHA256_Constants
clang-arm32,O2,pqclean,common/sha2.c,sha256,SHA256_Constants
clang-arm32,O2,pqclean,common/sha2.c,sha512,SHA256_Constants
clang-x64,O0,pqclean,crypto_kem/ml-kem-1024/clean/ntt.c,PQCLEAN_MLKEM1024_CLEAN_ntt,NTT_ML-KEM
clang-x64,O0,pqclean,crypto_kem/ml-kem-1024/clean/ntt.c,PQCLEAN_MLKEM1024_CLEAN_invntt,NTT_ML-KEM
clang-x64,O2,pqclean,crypto_kem/ml-kem-1024/clean/ntt.c,PQCLEAN_MLKEM1024_CLEAN_ntt,NTT_ML-KEM
clang-x64,O2,pqclean,crypto_kem/ml-kem-1024/clean/ntt.c,PQCLEAN_MLKEM1024_CLEAN_invntt,NTT_ML-KEM
clang-a64,O0,pqclean,crypto_kem/ml-kem-1024/clean/ntt.c,PQCLEAN_MLKEM1024_CLEAN_basemul,NTT_ML-KEM
clang-a64,O2,pqclean,crypto_kem/ml-kem-1024/clean/ntt.c,PQCLEAN_MLKEM1024_CLEAN_ntt,NTT_ML-KEM
clang-a64,O2,pqclean,crypto_kem/ml-kem-1024/clean/ntt.c,PQCLEAN_MLKEM1024_CLEAN_invntt,NTT_ML-KEM
clang-arm32,O0,pqclean,crypto_kem/ml-kem-1024/clean/ntt.c,PQCLEAN_MLKEM1024_CLEAN_ntt,NTT_ML-KEM
clang-arm32,O0,pqclean,crypto_kem/ml-kem-1024/clean/ntt.c,PQCLEAN_MLKEM1024_CLEAN_invntt,NTT_ML-KEM
clang-arm32,O2,pqclean,crypto_kem/ml-kem-1024/clean/ntt.c,PQCLEAN_MLKEM1024_CLEAN_ntt,NTT_ML-KEM
clang-arm32,O2,pqclean,crypto_kem/ml-kem-1024/clean/ntt.c,PQCLEAN_MLKEM1024_CLEAN_invntt,NTT_ML-KEM
clang-x64,O0,pqclean,crypto_kem/ml-kem-512/clean/ntt.c,PQCLEAN_MLKEM512_CLEAN_ntt,NTT_ML-KEM
clang-x64,O0,pqclean,crypto_kem/ml-kem-512/clean/ntt.c,PQCLEAN_MLKEM512_CLEAN_invntt,NTT_ML-KEM
clang-x64,O2,pqclean,crypto_kem/ml-kem-512/clean/ntt.c,PQCLEAN_MLKEM512_CLEAN_ntt,NTT_ML-KEM
clang-x64,O2,pqclean,crypto_kem/ml-kem-512/clean/ntt.c,PQCLEAN_MLKEM512_CLEAN_invntt,NTT_ML-KEM
clang-a64,O0,pqclean,crypto_kem/ml-kem-512/clean/ntt.c,PQCLEAN_MLKEM512_CLEAN_basemul,NTT_ML-KEM
clang-a64,O2,pqclean,crypto_kem/ml-kem-512/clean/ntt.c,PQCLEAN_MLKEM512_CLEAN_ntt,NTT_ML-KEM
clang-a64,O2,pqclean,crypto_kem/ml-kem-512/clean/ntt.c,PQCLEAN_MLKEM512_CLEAN_invntt,NTT_ML-KEM
clang-arm32,O0,pqclean,crypto_kem/ml-kem-512/clean/ntt.c,PQCLEAN_MLKEM512_CLEAN_ntt,NTT_ML-KEM
clang-arm32,O0,pqclean,crypto_kem/ml-kem-512/clean/ntt.c,PQCLEAN_MLKEM512_CLEAN_invntt,NTT_ML-KEM
clang-arm32,O2,pqclean,crypto_kem/ml-kem-512/clean/ntt.c,PQCLEAN_MLKEM512_CLEAN_ntt,NTT_ML-KEM
clang-arm32,O2,pqclean,crypto_kem/ml-kem-512/clean/ntt.c,PQCLEAN_MLKEM512_CLEAN_invntt,NTT_ML-KEM
clang-x64,O0,pqclean,crypto_kem/ml-kem-768/clean/ntt.c,PQCLEAN_MLKEM768_CLEAN_ntt,NTT_ML-KEM
clang-x64,O0,pqclean,crypto_kem/ml-kem-768/clean/ntt.c,PQCLEAN_MLKEM768_CLEAN_invntt,NTT_ML-KEM
clang-x64,O2,pqclean,crypto_kem/ml-kem-768/clean/ntt.c,PQCLEAN_MLKEM768_CLEAN_ntt,NTT_ML-KEM
clang-x64,O2,pqclean,crypto_kem/ml-kem-768/clean/ntt.c,PQCLEAN_MLKEM768_CLEAN_invntt,NTT_ML-KEM
clang-a64,O0,pqclean,crypto_kem/ml-kem-768/clean/ntt.c,PQCLEAN_MLKEM768_CLEAN_basemul,NTT_ML-KEM
clang-a64,O2,pqclean,crypto_kem/ml-kem-768/clean/ntt.c,PQCLEAN_MLKEM768_CLEAN_ntt,NTT_ML-KEM
clang-a64,O2,pqclean,crypto_kem/ml-kem-768/clean/ntt.c,PQCLEAN_MLKEM768_CLEAN_invntt,NTT_ML-KEM
clang-arm32,O0,pqclean,crypto_kem/ml-kem-768/clean/ntt.c,PQCLEAN_MLKEM768_CLEAN_ntt,NTT_ML-KEM
clang-arm32,O0,pqclean,crypto_kem/ml-kem-768/clean/ntt.c,PQCLEAN_MLKEM768_CLEAN_invntt,NTT_ML-KEM
clang-arm32,O2,pqclean,crypto_kem/ml-kem-768/clean/ntt.c,PQCLEAN_MLKEM768_CLEAN_ntt,NTT_ML-KEM
clang-arm32,O2,pqclean,crypto_kem/ml-kem-768/clean/ntt.c,PQCLEAN_MLKEM768_CLEAN_invntt,NTT_ML-KEM
clang-x64,O0,pqclean,crypto_sign/falcon-512/clean/rng.c,PQCLEAN_FALCON512_CLEAN_prng_refill,salsa20
clang-a64,O0,pqclean,crypto_sign/falcon-512/clean/rng.c,PQCLEAN_FALCON512_CLEAN_prng_refill,salsa20
clang-arm32,O0,pqclean,crypto_sign/falcon-512/clean/rng.c,PQCLEAN_FALCON512_CLEAN_prng_refill,salsa20
clang-x64,O0,pqclean,crypto_sign/ml-dsa-44/clean/ntt.c,PQCLEAN_MLDSA44_CLEAN_ntt,NTT_ML-DSA
clang-x64,O0,pqclean,crypto_sign/ml-dsa-44/clean/ntt.c,PQCLEAN_MLDSA44_CLEAN_invntt_tomont,NTT_ML-DSA
clang-x64,O2,pqclean,crypto_sign/ml-dsa-44/clean/ntt.c,PQCLEAN_MLDSA44_CLEAN_ntt,NTT_ML-DSA
clang-x64,O2,pqclean,crypto_sign/ml-dsa-44/clean/ntt.c,PQCLEAN_MLDSA44_CLEAN_invntt_tomont,NTT_ML-DSA
clang-a64,O0,pqclean,crypto_sign/ml-dsa-44/clean/ntt.c,PQCLEAN_MLDSA44_CLEAN_ntt,NTT_ML-DSA
clang-a64,O0,pqclean,crypto_sign/ml-dsa-44/clean/ntt.c,PQCLEAN_MLDSA44_CLEAN_invntt_tomont,NTT_ML-DSA
clang-a64,O2,pqclean,crypto_sign/ml-dsa-44/clean/ntt.c,PQCLEAN_MLDSA44_CLEAN_ntt,NTT_ML-DSA
clang-a64,O2,pqclean,crypto_sign/ml-dsa-44/clean/ntt.c,PQCLEAN_MLDSA44_CLEAN_invntt_tomont,NTT_ML-DSA
clang-arm32,O0,pqclean,crypto_sign/ml-dsa-44/clean/ntt.c,PQCLEAN_MLDSA44_CLEAN_ntt,NTT_ML-DSA
clang-arm32,O0,pqclean,crypto_sign/ml-dsa-44/clean/ntt.c,PQCLEAN_MLDSA44_CLEAN_invntt_tomont,NTT_ML-DSA
clang-arm32,O2,pqclean,crypto_sign/ml-dsa-44/clean/ntt.c,PQCLEAN_MLDSA44_CLEAN_ntt,NTT_ML-DSA
clang-arm32,O2,pqclean,crypto_sign/ml-dsa-44/clean/ntt.c,PQCLEAN_MLDSA44_CLEAN_invntt_tomont,NTT_ML-DSA
clang-x64,O0,pqclean,crypto_sign/ml-dsa-65/clean/ntt.c,PQCLEAN_MLDSA65_CLEAN_ntt,NTT_ML-DSA
clang-x64,O0,pqclean,crypto_sign/ml-dsa-65/clean/ntt.c,PQCLEAN_MLDSA65_CLEAN_invntt_tomont,NTT_ML-DSA
clang-x64,O2,pqclean,crypto_sign/ml-dsa-65/clean/ntt.c,PQCLEAN_MLDSA65_CLEAN_ntt,NTT_ML-DSA
clang-x64,O2,pqclean,crypto_sign/ml-dsa-65/clean/ntt.c,PQCLEAN_MLDSA65_CLEAN_invntt_tomont,NTT_ML-DSA
clang-a64,O0,pqclean,crypto_sign/ml-dsa-65/clean/ntt.c,PQCLEAN_MLDSA65_CLEAN_ntt,NTT_ML-DSA
clang-a64,O0,pqclean,crypto_sign/ml-dsa-65/clean/ntt.c,PQCLEAN_MLDSA65_CLEAN_invntt_tomont,NTT_ML-DSA
clang-a64,O2,pqclean,crypto_sign/ml-dsa-65/clean/ntt.c,PQCLEAN_MLDSA65_CLEAN_ntt,NTT_ML-DSA
clang-a64,O2,pqclean,crypto_sign/ml-dsa-65/clean/ntt.c,PQCLEAN_MLDSA65_CLEAN_invntt_tomont,NTT_ML-DSA
clang-arm32,O0,pqclean,crypto_sign/ml-dsa-65/clean/ntt.c,PQCLEAN_MLDSA65_CLEAN_ntt,NTT_ML-DSA
clang-arm32,O0,pqclean,crypto_sign/ml-dsa-65/clean/ntt.c,PQCLEAN_MLDSA65_CLEAN_invntt_tomont,NTT_ML-DSA
clang-arm32,O2,pqclean,crypto_sign/ml-dsa-65/clean/ntt.c,PQCLEAN_MLDSA65_CLEAN_ntt,NTT_ML-DSA
clang-arm32,O2,pqclean,crypto_sign/ml-dsa-65/clean/ntt.c,PQCLEAN_MLDSA65_CLEAN_invntt_tomont,NTT_ML-DSA
clang-x64,O0,pqclean,crypto_sign/ml-dsa-87/clean/ntt.c,PQCLEAN_MLDSA87_CLEAN_ntt,NTT_ML-DSA
clang-x64,O0,pqclean,crypto_sign/ml-dsa-87/clean/ntt.c,PQCLEAN_MLDSA87_CLEAN_invntt_tomont,NTT_ML-DSA
clang-x64,O2,pqclean,crypto_sign/ml-dsa-87/clean/ntt.c,PQCLEAN_MLDSA87_CLEAN_ntt,NTT_ML-DSA
clang-x64,O2,pqclean,crypto_sign/ml-dsa-87/clean/ntt.c,PQCLEAN_MLDSA87_CLEAN_invntt_tomont,NTT_ML-DSA
clang-a64,O0,pqclean,crypto_sign/ml-dsa-87/clean/ntt.c,PQCLEAN_MLDSA87_CLEAN_ntt,NTT_ML-DSA
clang-a64,O0,pqclean,crypto_sign/ml-dsa-87/clean/ntt.c,PQCLEAN_MLDSA87_CLEAN_invntt_tomont,NTT_ML-DSA
clang-a64,O2,pqclean,crypto_sign/ml-dsa-87/clean/ntt.c,PQCLEAN_MLDSA87_CLEAN_ntt,NTT_ML-DSA
clang-a64,O2,pqclean,crypto_sign/ml-dsa-87/clean/ntt.c,PQCLEAN_MLDSA87_CLEAN_invntt_tomont,NTT_ML-DSA
clang-arm32,O0,pqclean,crypto_sign/ml-dsa-87/clean/ntt.c,PQCLEAN_MLDSA87_CLEAN_ntt,NTT_ML-DSA
clang-arm32,O0,pqclean,crypto_sign/ml-dsa-87/clean/ntt.c,PQCLEAN_MLDSA87_CLEAN_invntt_tomont,NTT_ML-DSA
clang-arm32,O2,pqclean,crypto_sign/ml-dsa-87/clean/ntt.c,PQCLEAN_MLDSA87_CLEAN_ntt,NTT_ML-DSA
clang-arm32,O2,pqclean,crypto_sign/ml-dsa-87/clean/ntt.c,PQCLEAN_MLDSA87_CLEAN_invntt_tomont,NTT_ML-DSA
clang-x64,O0,libtomcrypt,src/ciphers/aes/aes.c,rijndael_ecb_encrypt,RijnDael_AES
clang-x64,O2,libtomcrypt,src/ciphers/aes/aes.c,rijndael_ecb_encrypt,RijnDael_AES
clang-a64,O0,libtomcrypt,src/ciphers/aes/aes.c,rijndael_ecb_encrypt,RijnDael_AES
clang-a64,O2,libtomcrypt,src/ciphers/aes/aes.c,rijndael_ecb_encrypt,RijnDael_AES
clang-arm32,O0,libtomcrypt,src/ciphers/aes/aes.c,rijndael_ecb_encrypt,RijnDael_AES
clang-arm32,O2,libtomcrypt,src/ciphers/aes/aes.c,rijndael_ecb_encrypt,RijnDael_AES
clang-x64,O0,libtomcrypt,src/ciphers/blowfish.c,blowfish_setup,BLOWFISH_Constants
clang-x64,O2,libtomcrypt,src/ciphers/blowfish.c,blowfish_setup,BLOWFISH_Constants
clang-a64,O0,libtomcrypt,src/ciphers/blowfish.c,blowfish_setup,BLOWFISH_Constants
clang-a64,O2,libtomcrypt,src/ciphers/blowfish.c,blowfish_setup,BLOWFISH_Constants
clang-arm32,O0,libtomcrypt,src/ciphers/blowfish.c,blowfish_setup,BLOWFISH_Constants
clang-arm32,O2,libtomcrypt,src/ciphers/blowfish.c,blowfish_setup,BLOWFISH_Constants
clang-x64,O0,libtomcrypt,src/ciphers/des.c,desfunc,DES_sbox
clang-x64,O2,libtomcrypt,src/ciphers/des.c,desfunc,DES_sbox
clang-a64,O0,libtomcrypt,src/ciphers/des.c,desfunc,DES_sbox
clang-a64,O2,libtomcrypt,src/ciphers/des.c,desfunc,DES_sbox
clang-arm32,O0,libtomcrypt,src/ciphers/des.c,desfunc,DES_sbox
clang-arm32,O2,libtomcrypt,src/ciphers/des.c,desfunc,DES_sbox
clang-x64,O0,libtomcrypt,src/ciphers/kseed.c,kseed_setup,TEA_DELTA
clang-x64,O2,libtomcrypt,src/ciphers/kseed.c,kseed_setup,TEA_DELTA
clang-a64,O0,libtomcrypt,src/ciphers/kseed.c,kseed_setup,TEA_DELTA
clang-a64,O2,libtomcrypt,src/ciphers/kseed.c,kseed_setup,TEA_DELTA
clang-arm32,O0,libtomcrypt,src/ciphers/kseed.c,kseed_setup,TEA_DELTA
clang-arm32,O2,libtomcrypt,src/ciphers/kseed.c,kseed_setup,TEA_DELTA
clang-x64,O0,libtomcrypt,src/ciphers/xtea.c,xtea_setup,TEA_DELTA
clang-x64,O2,libtomcrypt,src/ciphers/xtea.c,xtea_setup,TEA_DELTA
clang-x64,O0,libtomcrypt,src/hashes/blake2b.c,blake2b_compress,SHA256_Constants
clang-x64,O0,libtomcrypt,src/hashes/blake2b.c,blake2b_init0,SHA256_Constants
clang-x64,O2,libtomcrypt,src/hashes/blake2b.c,blake2b_160_init,SHA256_Constants
clang-x64,O2,libtomcrypt,src/hashes/blake2b.c,blake2b_256_init,SHA256_Constants
clang-x64,O2,libtomcrypt,src/hashes/blake2b.c,blake2b_384_init,SHA256_Constants
clang-x64,O2,libtomcrypt,src/hashes/blake2b.c,blake2b_512_init,SHA256_Constants
clang-x64,O2,libtomcrypt,src/hashes/blake2b.c,blake2b_init,SHA256_Constants
clang-x64,O2,libtomcrypt,src/hashes/blake2b.c,blake2b_compress,SHA256_Constants
clang-a64,O0,libtomcrypt,src/hashes/blake2b.c,blake2b_compress,SHA256_Constants
clang-a64,O0,libtomcrypt,src/hashes/blake2b.c,blake2b_init0,SHA256_Constants
clang-a64,O2,libtomcrypt,src/hashes/blake2b.c,blake2b_160_init,SHA256_Constants
clang-a64,O2,libtomcrypt,src/hashes/blake2b.c,blake2b_256_init,SHA256_Constants
clang-a64,O2,libtomcrypt,src/hashes/blake2b.c,blake2b_384_init,SHA256_Constants
clang-a64,O2,libtomcrypt,src/hashes/blake2b.c,blake2b_512_init,SHA256_Constants
clang-a64,O2,libtomcrypt,src/hashes/blake2b.c,blake2b_init,SHA256_Constants
clang-arm32,O0,libtomcrypt,src/hashes/blake2b.c,blake2b_compress,SHA256_Constants
clang-arm32,O0,libtomcrypt,src/hashes/blake2b.c,blake2b_init0,SHA256_Constants
clang-arm32,O2,libtomcrypt,src/hashes/blake2b.c,blake2b_160_init,SHA256_Constants
clang-arm32,O2,libtomcrypt,src/hashes/blake2b.c,blake2b_256_init,SHA256_Constants
clang-arm32,O2,libtomcrypt,src/hashes/blake2b.c,blake2b_384_init,SHA256_Constants
clang-arm32,O2,libtomcrypt,src/hashes/blake2b.c,blake2b_512_init,SHA256_Constants
clang-arm32,O2,libtomcrypt,src/hashes/blake2b.c,blake2b_init,SHA256_Constants
clang-arm32,O2,libtomcrypt,src/hashes/blake2b.c,blake2b_process,SHA256_Constants
clang-arm32,O2,libtomcrypt,src/hashes/blake2b.c,blake2b_done,SHA256_Constants
clang-x64,O0,libtomcrypt,src/hashes/blake2s.c,blake2s_compress,SHA256_Constants
clang-x64,O0,libtomcrypt,src/hashes/blake2s.c,blake2s_init0,SHA256_Constants
clang-x64,O2,libtomcrypt,src/hashes/blake2s.c,blake2s_compress,SHA256_Constants
clang-x64,O2,libtomcrypt,src/hashes/blake2s.c,blake2s_init,SHA256_Constants
clang-x64,O2,libtomcrypt,src/hashes/blake2s.c,blake2s_128_init,SHA256_Constants
clang-x64,O2,libtomcrypt,src/hashes/blake2s.c,blake2s_160_init,SHA256_Constants
clang-x64,O2,libtomcrypt,src/hashes/blake2s.c,blake2s_224_init,SHA256_Constants
clang-x64,O2,libtomcrypt,src/hashes/blake2s.c,blake2s_256_init,SHA256_Constants
clang-a64,O0,libtomcrypt,src/hashes/blake2s.c,blake2s_compress,SHA256_Constants
clang-a64,O0,libtomcrypt,src/hashes/blake2s.c,blake2s_init0,SHA256_Constants
clang-a64,O2,libtomcrypt,src/hashes/blake2s.c,blake2s_128_init,SHA256_Constants
clang-a64,O2,libtomcrypt,src/hashes/blake2s.c,blake2s_160_init,SHA256_Constants
clang-a64,O2,libtomcrypt,src/hashes/blake2s.c,blake2s_224_init,SHA256_Constants
clang-a64,O2,libtomcrypt,src/hashes/blake2s.c,blake2s_256_init,SHA256_Constants
clang-a64,O2,libtomcrypt,src/hashes/blake2s.c,blake2s_init,SHA256_Constants
clang-arm32,O0,libtomcrypt,src/hashes/blake2s.c,blake2s_compress,SHA256_Constants
clang-arm32,O0,libtomcrypt,src/hashes/blake2s.c,blake2s_init0,SHA256_Constants
clang-arm32,O2,libtomcrypt,src/hashes/blake2s.c,blake2s_128_init,SHA256_Constants
clang-arm32,O2,libtomcrypt,src/hashes/blake2s.c,blake2s_160_init,SHA256_Constants
clang-arm32,O2,libtomcrypt,src/hashes/blake2s.c,blake2s_224_init,SHA256_Constants
clang-arm32,O2,libtomcrypt,src/hashes/blake2s.c,blake2s_256_init,SHA256_Constants
clang-arm32,O2,libtomcrypt,src/hashes/blake2s.c,blake2s_init,SHA256_Constants
clang-arm32,O2,libtomcrypt,src/hashes/blake2s.c,blake2s_process,SHA256_Constants
clang-arm32,O2,libtomcrypt,src/hashes/blake2s.c,blake2s_done,SHA256_Constants
clang-x64,O0,libtomcrypt,src/hashes/md5.c,md5_init,MD5_Constants
clang-x64,O0,libtomcrypt,src/hashes/md5.c,md5_compress,MD5_Constants
clang-x64,O2,libtomcrypt,src/hashes/md5.c,md5_compress,MD5_Constants
clang-x64,O2,libtomcrypt,src/hashes/md5.c,md5_init,MD5_Constants
clang-x64,O0,libtomcrypt,src/hashes/rmd160.c,rmd160_init,RIPEMD160_Constants|SHA1_Constants
clang-x64,O2,libtomcrypt,src/hashes/rmd160.c,rmd160_init,RIPEMD160_Constants|SHA1_Constants
clang-a64,O2,libtomcrypt,src/hashes/rmd160.c,rmd160_init,RIPEMD160_Constants|SHA1_Constants
clang-x64,O0,libtomcrypt,src/hashes/rmd256.c,rmd256_init,MD5_Constants|RIPEMD160_Constants|SHA1_Constants
clang-x64,O2,libtomcrypt,src/hashes/rmd256.c,rmd256_init,MD5_Constants|RIPEMD160_Constants|SHA1_Constants
clang-a64,O2,libtomcrypt,src/hashes/rmd256.c,rmd256_init,MD5_Constants|RIPEMD160_Constants|SHA1_Constants
clang-arm32,O2,libtomcrypt,src/hashes/rmd256.c,rmd256_init,MD5_Constants|RIPEMD160_Constants|SHA1_Constants
clang-x64,O0,libtomcrypt,src/hashes/rmd320.c,rmd320_init,MD5_Constants|RIPEMD160_Constants|SHA1_Constants
clang-x64,O2,libtomcrypt,src/hashes/rmd320.c,rmd320_init,MD5_Constants|RIPEMD160_Constants|SHA1_Constants
clang-a64,O2,libtomcrypt,src/hashes/rmd320.c,rmd320_init,MD5_Constants|RIPEMD160_Constants|SHA1_Constants
clang-arm32,O2,libtomcrypt,src/hashes/rmd320.c,rmd320_init,MD5_Constants|RIPEMD160_Constants|SHA1_Constants
clang-x64,O0,libtomcrypt,src/hashes/sha1.c,sha1_init,RIPEMD160_Constants|SHA1_Constants
clang-x64,O0,libtomcrypt,src/hashes/sha1.c,sha1_compress,SHA1_Constants
clang-x64,O2,libtomcrypt,src/hashes/sha1.c,sha1_init,RIPEMD160_Constants|SHA1_Constants
clang-x64,O2,libtomcrypt,src/hashes/sha1.c,sha1_compress,SHA1_Constants
clang-a64,O2,libtomcrypt,src/hashes/sha1.c,sha1_init,RIPEMD160_Constants|SHA1_Constants
clang-x64,O0,libtomcrypt,src/hashes/sha2/sha256.c,sha256_init,SHA256_Constants
clang-x64,O2,libtomcrypt,src/hashes/sha2/sha256.c,sha256_init,SHA256_Constants
clang-a64,O2,libtomcrypt,src/hashes/sha2/sha256.c,sha256_init,SHA256_Constants
clang-arm32,O0,libtomcrypt,src/hashes/sha2/sha256.c,sha256_init,SHA256_Constants
clang-arm32,O2,libtomcrypt,src/hashes/sha2/sha256.c,sha256_init,SHA256_Constants
clang-x64,O0,libtomcrypt,src/hashes/sha2/sha512.c,sha512_init,SHA256_Constants
clang-x64,O0,libtomcrypt,src/hashes/sha2/sha512.c,sha512_compress,SHA512_Constants
clang-x64,O2,libtomcrypt,src/hashes/sha2/sha512.c,sha512_init,SHA256_Constants
clang-a64,O0,libtomcrypt,src/hashes/sha2/sha512.c,sha512_compress,SHA512_Constants
clang-a64,O2,libtomcrypt,src/hashes/sha2/sha512.c,sha512_init,SHA256_Constants
clang-a64,O2,libtomcrypt,src/hashes/sha2/sha512.c,sha512_compress,SHA512_Constants
clang-arm32,O0,libtomcrypt,src/hashes/sha2/sha512.c,sha512_compress,SHA512_Constants
clang-arm32,O2,libtomcrypt,src/hashes/sha2/sha512.c,sha512_init,SHA256_Constants
clang-arm32,O2,libtomcrypt,src/hashes/sha2/sha512.c,sha512_compress,SHA512_Constants
clang-x64,O0,libtomcrypt,src/hashes/whirl/whirl.c,whirlpool_compress,WHIRLPOOL_Constants
clang-x64,O2,libtomcrypt,src/hashes/whirl/whirl.c,whirlpool_compress,WHIRLPOOL_Constants
clang-a64,O0,libtomcrypt,src/hashes/whirl/whirl.c,whirlpool_compress,WHIRLPOOL_Constants
clang-a64,O2,libtomcrypt,src/hashes/whirl/whirl.c,whirlpool_compress,WHIRLPOOL_Constants
clang-arm32,O0,libtomcrypt,src/hashes/whirl/whirl.c,whirlpool_compress,WHIRLPOOL_Constants
clang-arm32,O2,libtomcrypt,src/hashes/whirl/whirl.c,whirlpool_compress,WHIRLPOOL_Constants
clang-x64,O0,libtomcrypt,src/mac/pelican/pelican.c,four_rounds,RijnDael_AES
clang-x64,O2,libtomcrypt,src/mac/pelican/pelican.c,four_rounds,RijnDael_AES
clang-a64,O0,libtomcrypt,src/mac/pelican/pelican.c,four_rounds,RijnDael_AES
clang-a64,O2,libtomcrypt,src/mac/pelican/pelican.c,four_rounds,RijnDael_AES
clang-arm32,O0,libtomcrypt,src/mac/pelican/pelican.c,four_rounds,RijnDael_AES
clang-arm32,O2,libtomcrypt,src/mac/pelican/pelican.c,four_rounds,RijnDael_AES
clang-x64,O0,libtomcrypt,src/misc/base64/base64_encode.c,base64_encode,BASE64_table
clang-x64,O0,libtomcrypt,src/misc/base64/base64_encode.c,base64_encode_internal,BASE64_table
clang-x64,O2,libtomcrypt,src/misc/base64/base64_encode.c,base64_encode,BASE64_table
clang-a64,O0,libtomcrypt,src/misc/base64/base64_encode.c,base64_encode,BASE64_table
clang-a64,O0,libtomcrypt,src/misc/base64/base64_encode.c,base64_encode_internal,BASE64_table
clang-a64,O2,libtomcrypt,src/misc/base64/base64_encode.c,base64_encode,BASE64_table
clang-arm32,O0,libtomcrypt,src/misc/base64/base64_encode.c,base64_encode,BASE64_table
clang-arm32,O0,libtomcrypt,src/misc/base64/base64_encode.c,base64_encode_internal,BASE64_table
clang-arm32,O2,libtomcrypt,src/misc/base64/base64_encode.c,base64_encode,BASE64_table
clang-x64,O0,libtomcrypt,src/stream/chacha/chacha_setup.c,chacha_setup,salsa20
clang-a64,O0,libtomcrypt,src/stream/chacha/chacha_setup.c,chacha_setup,salsa20
clang-arm32,O0,libtomcrypt,src/stream/chacha/chacha_setup.c,chacha_setup,salsa20
clang-x64,O0,monocypher,src/monocypher.c,crypto_blake2b_keyed_init,SHA256_Constants
clang-x64,O0,monocypher,src/monocypher.c,blake2b_compress,SHA256_Constants
clang-x64,O2,monocypher,src/monocypher.c,crypto_blake2b_keyed_init,SHA256_Constants
clang-x64,O2,monocypher,src/monocypher.c,crypto_blake2b_init,SHA256_Constants
clang-x64,O2,monocypher,src/monocypher.c,blake2b_compress,SHA256_Constants
clang-x64,O2,monocypher,src/monocypher.c,crypto_blake2b_keyed,SHA256_Constants
clang-x64,O2,monocypher,src/monocypher.c,crypto_argon2,SHA256_Constants
clang-x64,O2,monocypher,src/monocypher.c,extended_hash,SHA256_Constants
clang-x64,O2,monocypher,src/monocypher.c,hash_reduce,SHA256_Constants
clang-x64,O2,monocypher,src/monocypher.c,crypto_chacha20_h,salsa20
clang-x64,O2,monocypher,src/monocypher.c,crypto_chacha20_djb,salsa20
clang-x64,O2,monocypher,src/monocypher.c,crypto_chacha20_x,salsa20
clang-x64,O2,monocypher,src/monocypher.c,crypto_aead_lock,salsa20
clang-x64,O2,monocypher,src/monocypher.c,crypto_aead_unlock,salsa20
clang-a64,O0,monocypher,src/monocypher.c,crypto_blake2b_keyed_init,SHA256_Constants
clang-a64,O0,monocypher,src/monocypher.c,blake2b_compress,SHA256_Constants
clang-a64,O2,monocypher,src/monocypher.c,crypto_chacha20_h,salsa20
clang-a64,O2,monocypher,src/monocypher.c,crypto_chacha20_djb,salsa20
clang-a64,O2,monocypher,src/monocypher.c,crypto_blake2b_keyed_init,SHA256_Constants
clang-a64,O2,monocypher,src/monocypher.c,crypto_blake2b_init,SHA256_Constants
clang-a64,O2,monocypher,src/monocypher.c,crypto_blake2b_keyed,SHA256_Constants
clang-a64,O2,monocypher,src/monocypher.c,crypto_argon2,SHA256_Constants
clang-a64,O2,monocypher,src/monocypher.c,extended_hash,SHA256_Constants
clang-a64,O2,monocypher,src/monocypher.c,hash_reduce,SHA256_Constants
clang-arm32,O0,monocypher,src/monocypher.c,crypto_blake2b_keyed_init,SHA256_Constants
clang-arm32,O0,monocypher,src/monocypher.c,blake2b_compress,SHA256_Constants
clang-arm32,O2,monocypher,src/monocypher.c,crypto_chacha20_h,salsa20
clang-arm32,O2,monocypher,src/monocypher.c,crypto_chacha20_djb,salsa20
clang-arm32,O2,monocypher,src/monocypher.c,crypto_blake2b_keyed_init,SHA256_Constants
clang-arm32,O2,monocypher,src/monocypher.c,crypto_blake2b_init,SHA256_Constants
clang-arm32,O2,monocypher,src/monocypher.c,crypto_blake2b_keyed,SHA256_Constants
clang-arm32,O2,monocypher,src/monocypher.c,crypto_argon2,SHA256_Constants
clang-arm32,O2,monocypher,src/monocypher.c,extended_hash,SHA256_Constants
clang-arm32,O2,monocypher,src/monocypher.c,hash_reduce,SHA256_Constants
clang-x64,O0,monocypher,src/optional/monocypher-ed25519.c,crypto_sha512_init,SHA256_Constants
clang-x64,O0,monocypher,src/optional/monocypher-ed25519.c,sha512_compress,SHA512_Constants
clang-x64,O2,monocypher,src/optional/monocypher-ed25519.c,crypto_sha512_init,SHA256_Constants
clang-x64,O2,monocypher,src/optional/monocypher-ed25519.c,crypto_sha512,SHA256_Constants
clang-x64,O2,monocypher,src/optional/monocypher-ed25519.c,crypto_sha512_hmac_init,SHA256_Constants
clang-x64,O2,monocypher,src/optional/monocypher-ed25519.c,crypto_sha512_hmac_final,SHA256_Constants
clang-x64,O2,monocypher,src/optional/monocypher-ed25519.c,crypto_ed25519_key_pair,SHA256_Constants
clang-x64,O2,monocypher,src/optional/monocypher-ed25519.c,ed25519_dom_sign,SHA256_Constants
clang-x64,O2,monocypher,src/optional/monocypher-ed25519.c,crypto_ed25519_check,SHA256_Constants
clang-x64,O2,monocypher,src/optional/monocypher-ed25519.c,crypto_ed25519_ph_check,SHA256_Constants
clang-x64,O2,monocypher,src/optional/monocypher-ed25519.c,sha512_compress,SHA512_Constants
clang-a64,O0,monocypher,src/optional/monocypher-ed25519.c,sha512_compress,SHA512_Constants
clang-a64,O2,monocypher,src/optional/monocypher-ed25519.c,crypto_sha512_init,SHA256_Constants
clang-a64,O2,monocypher,src/optional/monocypher-ed25519.c,sha512_compress,SHA512_Constants
clang-a64,O2,monocypher,src/optional/monocypher-ed25519.c,crypto_sha512,SHA256_Constants
clang-a64,O2,monocypher,src/optional/monocypher-ed25519.c,crypto_sha512_hmac_init,SHA256_Constants
clang-a64,O2,monocypher,src/optional/monocypher-ed25519.c,crypto_sha512_hmac_final,SHA256_Constants
clang-a64,O2,monocypher,src/optional/monocypher-ed25519.c,crypto_ed25519_key_pair,SHA256_Constants
clang-a64,O2,monocypher,src/optional/monocypher-ed25519.c,ed25519_dom_sign,SHA256_Constants
clang-a64,O2,monocypher,src/optional/monocypher-ed25519.c,crypto_ed25519_check,SHA256_Constants
clang-a64,O2,monocypher,src/optional/monocypher-ed25519.c,crypto_ed25519_ph_check,SHA256_Constants
clang-arm32,O0,monocypher,src/optional/monocypher-ed25519.c,sha512_compress,SHA512_Constants
clang-arm32,O2,monocypher,src/optional/monocypher-ed25519.c,crypto_sha512_init,SHA256_Constants
clang-arm32,O2,monocypher,src/optional/monocypher-ed25519.c,crypto_sha512,SHA256_Constants
clang-arm32,O2,monocypher,src/optional/monocypher-ed25519.c,crypto_sha512_hmac_init,SHA256_Constants
clang-arm32,O2,monocypher,src/optional/monocypher-ed25519.c,crypto_sha512_hmac_final,SHA256_Constants
clang-arm32,O2,monocypher,src/optional/monocypher-ed25519.c,crypto_ed25519_key_pair,SHA256_Constants
clang-arm32,O2,monocypher,src/optional/monocypher-ed25519.c,ed25519_dom_sign,SHA256_Constants
clang-arm32,O2,monocypher,src/optional/monocypher-ed25519.c,crypto_ed25519_check,SHA256_Constants
clang-arm32,O2,monocypher,src/optional/monocypher-ed25519.c,crypto_ed25519_ph_check,SHA256_Constants
clang-arm32,O2,monocypher,src/optional/monocypher-ed25519.c,sha512_compress,SHA512_Constants
clang-arm32,O2,monocypher,src/optional/monocypher-ed25519.c,crypto_sha512_hmac_update,SHA256_Constants
clang-arm32,O2,monocypher,src/optional/monocypher-ed25519.c,crypto_sha512_hmac,SHA256_Constants
clang-arm32,O2,monocypher,src/optional/monocypher-ed25519.c,crypto_sha512_hkdf_expand,SHA256_Constants
clang-arm32,O2,monocypher,src/optional/monocypher-ed25519.c,crypto_sha512_hkdf,SHA256_Constants
clang-x64,O0,tiny-aes,aes.c,KeyExpansion,RijnDael_AES_CHAR|RijnDael_AES_LONG
clang-x64,O0,tiny-aes,aes.c,SubBytes,RijnDael_AES_CHAR|RijnDael_AES_LONG
clang-x64,O0,tiny-aes,aes.c,InvSubBytes,RijnDael_AES_LONG_inv
clang-x64,O2,tiny-aes,aes.c,KeyExpansion,RijnDael_AES_CHAR|RijnDael_AES_LONG
clang-x64,O2,tiny-aes,aes.c,Cipher,RijnDael_AES_CHAR|RijnDael_AES_LONG
clang-x64,O2,tiny-aes,aes.c,InvCipher,RijnDael_AES_LONG_inv
clang-a64,O0,tiny-aes,aes.c,KeyExpansion,RijnDael_AES_CHAR|RijnDael_AES_LONG
clang-a64,O0,tiny-aes,aes.c,SubBytes,RijnDael_AES_CHAR|RijnDael_AES_LONG
clang-a64,O0,tiny-aes,aes.c,InvSubBytes,RijnDael_AES_LONG_inv
clang-a64,O2,tiny-aes,aes.c,KeyExpansion,RijnDael_AES_CHAR|RijnDael_AES_LONG
clang-a64,O2,tiny-aes,aes.c,Cipher,RijnDael_AES_CHAR|RijnDael_AES_LONG
clang-a64,O2,tiny-aes,aes.c,InvCipher,RijnDael_AES_LONG_inv
clang-arm32,O0,tiny-aes,aes.c,KeyExpansion,RijnDael_AES_CHAR|RijnDael_AES_LONG
clang-arm32,O0,tiny-aes,aes.c,SubBytes,RijnDael_AES_CHAR|RijnDael_AES_LONG
clang-arm32,O0,tiny-aes,aes.c,InvSubBytes,RijnDael_AES_LONG_inv
clang-arm32,O2,tiny-aes,aes.c,KeyExpansion,RijnDael_AES_CHAR|RijnDael_AES_LONG
clang-arm32,O2,tiny-aes,aes.c,Cipher,RijnDael_AES_CHAR|RijnDael_AES_LONG
clang-arm32,O2,tiny-aes,aes.c,InvCipher,RijnDael_AES_LONG_inv
clang-x64,O0,bcon,aes.c,SubWord,RijnDael_AES_CHAR|RijnDael_AES_LONG
clang-x64,O0,bcon,aes.c,SubBytes,RijnDael_AES_CHAR|RijnDael_AES_LONG
clang-x64,O0,bcon,aes.c,InvSubBytes,RijnDael_AES_LONG_inv
clang-x64,O2,bcon,aes.c,aes_encrypt,RijnDael_AES_CHAR|RijnDael_AES_LONG
clang-x64,O2,bcon,aes.c,aes_decrypt,RijnDael_AES_LONG_inv
clang-x64,O2,bcon,aes.c,aes_key_setup,RijnDael_AES_CHAR|RijnDael_AES_LONG
clang-x64,O2,bcon,aes.c,SubWord,RijnDael_AES_CHAR|RijnDael_AES_LONG
clang-x64,O2,bcon,aes.c,SubBytes,RijnDael_AES_CHAR|RijnDael_AES_LONG
clang-x64,O2,bcon,aes.c,InvSubBytes,RijnDael_AES_LONG_inv
clang-a64,O0,bcon,aes.c,SubWord,RijnDael_AES_CHAR|RijnDael_AES_LONG
clang-a64,O0,bcon,aes.c,SubBytes,RijnDael_AES_CHAR|RijnDael_AES_LONG
clang-a64,O0,bcon,aes.c,InvSubBytes,RijnDael_AES_LONG_inv
clang-a64,O2,bcon,aes.c,aes_encrypt,RijnDael_AES_CHAR|RijnDael_AES_LONG
clang-a64,O2,bcon,aes.c,aes_decrypt,RijnDael_AES_LONG_inv
clang-a64,O2,bcon,aes.c,aes_key_setup,RijnDael_AES_CHAR|RijnDael_AES_LONG
clang-a64,O2,bcon,aes.c,SubWord,RijnDael_AES_CHAR|RijnDael_AES_LONG
clang-a64,O2,bcon,aes.c,SubBytes,RijnDael_AES_CHAR|RijnDael_AES_LONG
clang-a64,O2,bcon,aes.c,InvSubBytes,RijnDael_AES_LONG_inv
clang-arm32,O0,bcon,aes.c,SubWord,RijnDael_AES_CHAR|RijnDael_AES_LONG
clang-arm32,O0,bcon,aes.c,SubBytes,RijnDael_AES_CHAR|RijnDael_AES_LONG
clang-arm32,O0,bcon,aes.c,InvSubBytes,RijnDael_AES_LONG_inv
clang-arm32,O2,bcon,aes.c,aes_encrypt,RijnDael_AES_CHAR|RijnDael_AES_LONG
clang-arm32,O2,bcon,aes.c,aes_decrypt,RijnDael_AES_LONG_inv
clang-arm32,O2,bcon,aes.c,aes_key_setup,RijnDael_AES_CHAR|RijnDael_AES_LONG
clang-arm32,O2,bcon,aes.c,SubWord,RijnDael_AES_CHAR|RijnDael_AES_LONG
clang-arm32,O2,bcon,aes.c,SubBytes,RijnDael_AES_CHAR|RijnDael_AES_LONG
clang-arm32,O2,bcon,aes.c,InvSubBytes,RijnDael_AES_LONG_inv
clang-x64,O0,bcon,base64.c,base64_encode,BASE64_table
clang-x64,O2,bcon,base64.c,base64_encode,BASE64_table
clang-a64,O0,bcon,base64.c,base64_encode,BASE64_table
clang-a64,O2,bcon,base64.c,base64_encode,BASE64_table
clang-arm32,O0,bcon,base64.c,base64_encode,BASE64_table
clang-arm32,O2,bcon,base64.c,base64_encode,BASE64_table
clang-x64,O0,bcon,blowfish.c,blowfish_key_setup,BLOWFISH_Constants
clang-x64,O2,bcon,blowfish.c,blowfish_key_setup,BLOWFISH_Constants
clang-a64,O0,bcon,blowfish.c,blowfish_key_setup,BLOWFISH_Constants
clang-a64,O2,bcon,blowfish.c,blowfish_key_setup,BLOWFISH_Constants
clang-arm32,O0,bcon,blowfish.c,blowfish_key_setup,BLOWFISH_Constants
clang-arm32,O2,bcon,blowfish.c,blowfish_key_setup,BLOWFISH_Constants
clang-x64,O0,bcon,md5.c,md5_init,MD5_Constants
clang-x64,O0,bcon,md5.c,md5_transform,MD5_Constants
clang-x64,O2,bcon,md5.c,md5_transform,MD5_Constants
clang-x64,O2,bcon,md5.c,md5_init,MD5_Constants
clang-arm32,O0,bcon,md5.c,md5_init,MD5_Constants
clang-arm32,O0,bcon,md5.c,md5_transform,MD5_Constants
clang-x64,O0,bcon,sha1.c,sha1_init,RIPEMD160_Constants|SHA1_Constants
clang-x64,O2,bcon,sha1.c,sha1_init,RIPEMD160_Constants|SHA1_Constants
clang-a64,O2,bcon,sha1.c,sha1_init,RIPEMD160_Constants|SHA1_Constants
clang-arm32,O0,bcon,sha1.c,sha1_init,RIPEMD160_Constants|SHA1_Constants
clang-arm32,O2,bcon,sha1.c,sha1_init,RIPEMD160_Constants|SHA1_Constants
clang-x64,O0,bcon,sha256.c,sha256_init,SHA256_Constants
clang-x64,O2,bcon,sha256.c,sha256_init,SHA256_Constants
clang-a64,O2,bcon,sha256.c,sha256_init,SHA256_Constants
clang-arm32,O0,bcon,sha256.c,sha256_init,SHA256_Constants
clang-arm32,O2,bcon,sha256.c,sha256_init,SHA256_Constants
clang-x64,O0,zlib,crc32.c,multmodp,CRC32_poly_Constant
clang-x64,O2,zlib,crc32.c,crc32_combine64,CRC32_poly_Constant
clang-x64,O2,zlib,crc32.c,crc32_combine,CRC32_poly_Constant
clang-x64,O2,zlib,crc32.c,crc32_combine_gen64,CRC32_poly_Constant
clang-x64,O2,zlib,crc32.c,crc32_combine_gen,CRC32_poly_Constant
clang-x64,O2,zlib,crc32.c,crc32_combine_op,CRC32_poly_Constant
clang-arm32,O0,zlib,crc32.c,multmodp,CRC32_poly_Constant
clang-arm32,O0,zlib,crc32.c,crc_word_big,CRC32_table
clang-arm32,O0,zlib,crc32.c,crc32_combine64,CRC32_poly_Constant
clang-arm32,O0,zlib,crc32.c,crc32_combine_gen64,CRC32_poly_Constant
clang-x64,O0,bearssl,src/hash/md5.c,br_md5_round,MD5_Constants
clang-x64,O0,bearssl,src/hash/md5.c,br_md5_init,MD5_Constants
clang-x64,O2,bearssl,src/hash/md5.c,br_md5_round,MD5_Constants
clang-x64,O2,bearssl,src/hash/md5.c,br_md5_init,MD5_Constants
clang-a64,O0,bearssl,src/hash/md5.c,br_md5_round,MD5_Constants
clang-a64,O0,bearssl,src/hash/md5.c,br_md5_init,MD5_Constants
clang-arm32,O0,bearssl,src/hash/md5.c,br_md5_round,MD5_Constants
clang-arm32,O0,bearssl,src/hash/md5.c,br_md5_init,MD5_Constants
clang-arm32,O2,bearssl,src/hash/md5.c,br_md5_round,MD5_Constants
clang-arm32,O2,bearssl,src/hash/md5.c,br_md5_init,MD5_Constants
clang-x64,O0,bearssl,src/hash/sha1.c,br_sha1_round,SHA1_Constants
clang-x64,O0,bearssl,src/hash/sha1.c,br_sha1_init,RIPEMD160_Constants|SHA1_Constants
clang-x64,O2,bearssl,src/hash/sha1.c,br_sha1_init,RIPEMD160_Constants|SHA1_Constants
clang-x64,O2,bearssl,src/hash/sha1.c,br_sha1_round,SHA1_Constants
clang-a64,O0,bearssl,src/hash/sha1.c,br_sha1_init,RIPEMD160_Constants|SHA1_Constants
clang-a64,O2,bearssl,src/hash/sha1.c,br_sha1_init,RIPEMD160_Constants|SHA1_Constants
clang-arm32,O0,bearssl,src/hash/sha1.c,br_sha1_init,RIPEMD160_Constants|SHA1_Constants
clang-arm32,O2,bearssl,src/hash/sha1.c,br_sha1_init,RIPEMD160_Constants|SHA1_Constants
clang-x64,O0,bearssl,src/hash/sha2big.c,br_sha384_init,SHA256_Constants
clang-x64,O0,bearssl,src/hash/sha2big.c,br_sha512_init,SHA256_Constants
clang-x64,O0,bearssl,src/hash/sha2big.c,sha2big_round,SHA512_Constants
clang-x64,O2,bearssl,src/hash/sha2big.c,br_sha384_init,SHA256_Constants
clang-x64,O2,bearssl,src/hash/sha2big.c,br_sha512_init,SHA256_Constants
clang-a64,O0,bearssl,src/hash/sha2big.c,br_sha384_init,SHA256_Constants
clang-a64,O0,bearssl,src/hash/sha2big.c,br_sha512_init,SHA256_Constants
clang-a64,O0,bearssl,src/hash/sha2big.c,sha2big_round,SHA512_Constants
clang-a64,O2,bearssl,src/hash/sha2big.c,br_sha384_init,SHA256_Constants
clang-a64,O2,bearssl,src/hash/sha2big.c,br_sha512_init,SHA256_Constants
clang-a64,O2,bearssl,src/hash/sha2big.c,sha2big_round,SHA512_Constants
clang-arm32,O0,bearssl,src/hash/sha2big.c,br_sha512_init,SHA256_Constants
clang-arm32,O0,bearssl,src/hash/sha2big.c,sha2big_round,SHA256_Constants|SHA512_Constants
clang-arm32,O2,bearssl,src/hash/sha2big.c,br_sha512_init,SHA256_Constants
clang-arm32,O2,bearssl,src/hash/sha2big.c,sha2big_round,SHA256_Constants|SHA512_Constants
clang-x64,O0,bearssl,src/hash/sha2small.c,br_sha2small_round,SHA256_Constants
clang-x64,O0,bearssl,src/hash/sha2small.c,br_sha224_init,SHA256_Constants
clang-x64,O0,bearssl,src/hash/sha2small.c,br_sha256_init,SHA256_Constants
clang-x64,O2,bearssl,src/hash/sha2small.c,br_sha256_init,SHA256_Constants
clang-a64,O0,bearssl,src/hash/sha2small.c,br_sha2small_round,SHA256_Constants
clang-a64,O0,bearssl,src/hash/sha2small.c,br_sha256_init,SHA256_Constants
clang-a64,O2,bearssl,src/hash/sha2small.c,br_sha256_init,SHA256_Constants
clang-arm32,O0,bearssl,src/hash/sha2small.c,br_sha2small_round,SHA256_Constants
clang-arm32,O0,bearssl,src/hash/sha2small.c,br_sha256_init,SHA256_Constants
clang-arm32,O2,bearssl,src/hash/sha2small.c,br_sha2small_round,SHA256_Constants
clang-arm32,O2,bearssl,src/hash/sha2small.c,br_sha256_init,SHA256_Constants
clang-x64,O0,bearssl,src/symcipher/aes_big_dec.c,br_aes_big_decrypt,RijnDael_AES_LONG_inv
clang-x64,O2,bearssl,src/symcipher/aes_big_dec.c,br_aes_big_decrypt,RijnDael_AES_LONG_inv
clang-a64,O0,bearssl,src/symcipher/aes_big_dec.c,br_aes_big_decrypt,RijnDael_AES_LONG_inv
clang-a64,O2,bearssl,src/symcipher/aes_big_dec.c,br_aes_big_decrypt,RijnDael_AES_LONG_inv
clang-arm32,O0,bearssl,src/symcipher/aes_big_dec.c,br_aes_big_decrypt,RijnDael_AES_LONG_inv
clang-arm32,O2,bearssl,src/symcipher/aes_big_dec.c,br_aes_big_decrypt,RijnDael_AES_LONG_inv
clang-x64,O0,bearssl,src/symcipher/aes_big_enc.c,br_aes_big_encrypt,RijnDael_AES
clang-x64,O2,bearssl,src/symcipher/aes_big_enc.c,br_aes_big_encrypt,RijnDael_AES
clang-a64,O0,bearssl,src/symcipher/aes_big_enc.c,br_aes_big_encrypt,RijnDael_AES
clang-a64,O2,bearssl,src/symcipher/aes_big_enc.c,br_aes_big_encrypt,RijnDael_AES
clang-arm32,O0,bearssl,src/symcipher/aes_big_enc.c,br_aes_big_encrypt,RijnDael_AES
clang-arm32,O2,bearssl,src/symcipher/aes_big_enc.c,br_aes_big_encrypt,RijnDael_AES
clang-x64,O0,bearssl,src/symcipher/aes_common.c,SubWord,RijnDael_AES_CHAR|RijnDael_AES_LONG
clang-x64,O2,bearssl,src/symcipher/aes_common.c,br_aes_keysched,RijnDael_AES_CHAR|RijnDael_AES_LONG
clang-a64,O0,bearssl,src/symcipher/aes_common.c,SubWord,RijnDael_AES_CHAR|RijnDael_AES_LONG
clang-a64,O2,bearssl,src/symcipher/aes_common.c,br_aes_keysched,RijnDael_AES_CHAR|RijnDael_AES_LONG
clang-arm32,O0,bearssl,src/symcipher/aes_common.c,SubWord,RijnDael_AES_CHAR|RijnDael_AES_LONG
clang-arm32,O2,bearssl,src/symcipher/aes_common.c,br_aes_keysched,RijnDael_AES_CHAR|RijnDael_AES_LONG
clang-x64,O0,bearssl,src/symcipher/aes_small_dec.c,inv_sub_bytes,RijnDael_AES_LONG_inv
clang-x64,O2,bearssl,src/symcipher/aes_small_dec.c,br_aes_small_decrypt,RijnDael_AES_LONG_inv
clang-a64,O0,bearssl,src/symcipher/aes_small_dec.c,inv_sub_bytes,RijnDael_AES_LONG_inv
clang-a64,O2,bearssl,src/symcipher/aes_small_dec.c,br_aes_small_decrypt,RijnDael_AES_LONG_inv
clang-arm32,O0,bearssl,src/symcipher/aes_small_dec.c,inv_sub_bytes,RijnDael_AES_LONG_inv
clang-arm32,O2,bearssl,src/symcipher/aes_small_dec.c,br_aes_small_decrypt,RijnDael_AES_LONG_inv
clang-x64,O0,bearssl,src/symcipher/chacha20_ct.c,br_chacha20_ct_run,salsa20
clang-a64,O0,bearssl,src/symcipher/chacha20_ct.c,br_chacha20_ct_run,salsa20
clang-arm32,O0,bearssl,src/symcipher/chacha20_ct.c,br_chacha20_ct_run,salsa20
clang-x64,O0,bearssl,src/symcipher/chacha20_sse2.c,br_chacha20_sse2_run,salsa20
clang-x64,O2,bearssl,src/symcipher/chacha20_sse2.c,br_chacha20_sse2_run,salsa20
clang-x64,O0,tweetnacl,tweetnacl.c,crypto_stream_salsa20_tweet_xor,salsa20
clang-x64,O0,tweetnacl,tweetnacl.c,crypto_stream_xsalsa20_tweet,salsa20
clang-x64,O0,tweetnacl,tweetnacl.c,crypto_stream_xsalsa20_tweet_xor,salsa20
clang-x64,O0,tweetnacl,tweetnacl.c,crypto_onetimeauth_poly1305_tweet,salsa20
clang-x64,O0,tweetnacl,tweetnacl.c,crypto_scalarmult_curve25519_tweet,SHA256_Constants
clang-x64,O0,tweetnacl,tweetnacl.c,crypto_box_curve25519xsalsa20poly1305_tweet_beforenm,salsa20
clang-x64,O0,tweetnacl,tweetnacl.c,crypto_hashblocks_sha512_tweet,SHA512_Constants
clang-x64,O0,tweetnacl,tweetnacl.c,crypto_hash_sha512_tweet,SHA256_Constants
clang-x64,O2,tweetnacl,tweetnacl.c,crypto_stream_salsa20_tweet_xor,salsa20
clang-x64,O2,tweetnacl,tweetnacl.c,crypto_stream_xsalsa20_tweet,salsa20
clang-x64,O2,tweetnacl,tweetnacl.c,crypto_stream_xsalsa20_tweet_xor,salsa20
clang-x64,O2,tweetnacl,tweetnacl.c,crypto_onetimeauth_poly1305_tweet,salsa20
clang-x64,O2,tweetnacl,tweetnacl.c,crypto_secretbox_xsalsa20poly1305_tweet,salsa20
clang-x64,O2,tweetnacl,tweetnacl.c,crypto_secretbox_xsalsa20poly1305_tweet_open,salsa20
clang-x64,O2,tweetnacl,tweetnacl.c,crypto_scalarmult_curve25519_tweet,SHA256_Constants
clang-x64,O2,tweetnacl,tweetnacl.c,crypto_box_curve25519xsalsa20poly1305_tweet_beforenm,salsa20
clang-x64,O2,tweetnacl,tweetnacl.c,crypto_box_curve25519xsalsa20poly1305_tweet_afternm,salsa20
clang-x64,O2,tweetnacl,tweetnacl.c,crypto_box_curve25519xsalsa20poly1305_tweet,salsa20
clang-x64,O2,tweetnacl,tweetnacl.c,crypto_box_curve25519xsalsa20poly1305_tweet_open,salsa20
clang-x64,O2,tweetnacl,tweetnacl.c,crypto_hashblocks_sha512_tweet,SHA512_Constants
clang-x64,O2,tweetnacl,tweetnacl.c,crypto_hash_sha512_tweet,SHA256_Constants
clang-x64,O2,tweetnacl,tweetnacl.c,crypto_sign_ed25519_tweet_keypair,SHA256_Constants
clang-x64,O2,tweetnacl,tweetnacl.c,crypto_sign_ed25519_tweet,SHA256_Constants
clang-a64,O0,tweetnacl,tweetnacl.c,crypto_stream_salsa20_tweet_xor,salsa20
clang-a64,O0,tweetnacl,tweetnacl.c,crypto_stream_xsalsa20_tweet,salsa20
clang-a64,O0,tweetnacl,tweetnacl.c,crypto_stream_xsalsa20_tweet_xor,salsa20
clang-a64,O0,tweetnacl,tweetnacl.c,crypto_onetimeauth_poly1305_tweet,salsa20
clang-a64,O0,tweetnacl,tweetnacl.c,crypto_scalarmult_curve25519_tweet,SHA256_Constants
clang-a64,O0,tweetnacl,tweetnacl.c,crypto_box_curve25519xsalsa20poly1305_tweet_beforenm,salsa20
clang-a64,O0,tweetnacl,tweetnacl.c,crypto_hashblocks_sha512_tweet,SHA512_Constants
clang-a64,O0,tweetnacl,tweetnacl.c,crypto_hash_sha512_tweet,SHA256_Constants
clang-a64,O2,tweetnacl,tweetnacl.c,crypto_stream_salsa20_tweet_xor,salsa20
clang-a64,O2,tweetnacl,tweetnacl.c,crypto_stream_xsalsa20_tweet,salsa20
clang-a64,O2,tweetnacl,tweetnacl.c,crypto_stream_xsalsa20_tweet_xor,salsa20
clang-a64,O2,tweetnacl,tweetnacl.c,crypto_onetimeauth_poly1305_tweet,salsa20
clang-a64,O2,tweetnacl,tweetnacl.c,crypto_secretbox_xsalsa20poly1305_tweet,salsa20
clang-a64,O2,tweetnacl,tweetnacl.c,crypto_secretbox_xsalsa20poly1305_tweet_open,salsa20
clang-a64,O2,tweetnacl,tweetnacl.c,crypto_scalarmult_curve25519_tweet,SHA256_Constants
clang-a64,O2,tweetnacl,tweetnacl.c,crypto_box_curve25519xsalsa20poly1305_tweet_beforenm,salsa20
clang-a64,O2,tweetnacl,tweetnacl.c,crypto_box_curve25519xsalsa20poly1305_tweet_afternm,salsa20
clang-a64,O2,tweetnacl,tweetnacl.c,crypto_box_curve25519xsalsa20poly1305_tweet,salsa20
clang-a64,O2,tweetnacl,tweetnacl.c,crypto_box_curve25519xsalsa20poly1305_tweet_open,salsa20
clang-a64,O2,tweetnacl,tweetnacl.c,crypto_hashblocks_sha512_tweet,SHA512_Constants
clang-a64,O2,tweetnacl,tweetnacl.c,crypto_hash_sha512_tweet,SHA256_Constants
clang-a64,O2,tweetnacl,tweetnacl.c,crypto_sign_ed25519_tweet_keypair,SHA256_Constants
clang-a64,O2,tweetnacl,tweetnacl.c,crypto_sign_ed25519_tweet,SHA256_Constants
clang-arm32,O0,tweetnacl,tweetnacl.c,crypto_stream_salsa20_tweet_xor,salsa20
clang-arm32,O0,tweetnacl,tweetnacl.c,crypto_stream_xsalsa20_tweet,salsa20
clang-arm32,O0,tweetnacl,tweetnacl.c,crypto_stream_xsalsa20_tweet_xor,salsa20
clang-arm32,O0,tweetnacl,tweetnacl.c,crypto_onetimeauth_poly1305_tweet,salsa20
clang-arm32,O0,tweetnacl,tweetnacl.c,crypto_scalarmult_curve25519_tweet,SHA256_Constants
clang-arm32,O0,tweetnacl,tweetnacl.c,crypto_box_curve25519xsalsa20poly1305_tweet_beforenm,salsa20
clang-arm32,O0,tweetnacl,tweetnacl.c,crypto_hashblocks_sha512_tweet,SHA512_Constants
clang-arm32,O0,tweetnacl,tweetnacl.c,crypto_hash_sha512_tweet,SHA256_Constants
clang-arm32,O2,tweetnacl,tweetnacl.c,crypto_stream_salsa20_tweet_xor,salsa20
clang-arm32,O2,tweetnacl,tweetnacl.c,crypto_stream_xsalsa20_tweet,salsa20
clang-arm32,O2,tweetnacl,tweetnacl.c,crypto_stream_xsalsa20_tweet_xor,salsa20
clang-arm32,O2,tweetnacl,tweetnacl.c,crypto_onetimeauth_poly1305_tweet,salsa20
clang-arm32,O2,tweetnacl,tweetnacl.c,crypto_secretbox_xsalsa20poly1305_tweet,salsa20
clang-arm32,O2,tweetnacl,tweetnacl.c,crypto_secretbox_xsalsa20poly1305_tweet_open,salsa20
clang-arm32,O2,tweetnacl,tweetnacl.c,crypto_scalarmult_curve25519_tweet,SHA256_Constants
clang-arm32,O2,tweetnacl,tweetnacl.c,crypto_box_curve25519xsalsa20poly1305_tweet_beforenm,salsa20
clang-arm32,O2,tweetnacl,tweetnacl.c,crypto_box_curve25519xsalsa20poly1305_tweet_afternm,salsa20
clang-arm32,O2,tweetnacl,tweetnacl.c,crypto_box_curve25519xsalsa20poly1305_tweet,salsa20
clang-arm32,O2,tweetnacl,tweetnacl.c,crypto_box_curve25519xsalsa20poly1305_tweet_open,salsa20
clang-arm32,O2,tweetnacl,tweetnacl.c,crypto_hashblocks_sha512_tweet,SHA512_Constants
clang-arm32,O2,tweetnacl,tweetnacl.c,crypto_hash_sha512_tweet,SHA256_Constants
clang-arm32,O2,tweetnacl,tweetnacl.c,crypto_sign_ed25519_tweet_keypair,SHA256_Constants
clang-arm32,O2,tweetnacl,tweetnacl.c,crypto_sign_ed25519_tweet,SHA256_Constants
clang-x64,O3,mbedtls,library/aes.c,mbedtls_aes_setkey_enc,Big_Numbers3
clang-x64,O3,mbedtls,library/aes.c,mbedtls_aes_setkey_dec,Big_Numbers3
clang-x64,O3,mbedtls,library/aes.c,mbedtls_internal_aes_decrypt,Big_Numbers3
clang-x64,Os,mbedtls,library/aes.c,mbedtls_aes_setkey_enc,Big_Numbers3
clang-x64,Os,mbedtls,library/aes.c,mbedtls_aes_setkey_dec,Big_Numbers3
clang-x64,Os,mbedtls,library/aes.c,mbedtls_internal_aes_decrypt,Big_Numbers3
clang-x64,O3,mbedtls,library/aria.c,mbedtls_aria_setkey_enc,RijnDael_AES_CHAR|RijnDael_AES_LONG|RijnDael_AES_LONG_inv
clang-x64,O3,mbedtls,library/aria.c,aria_fo_xor,RijnDael_AES_CHAR|RijnDael_AES_LONG|RijnDael_AES_LONG_inv
clang-x64,O3,mbedtls,library/aria.c,mbedtls_aria_crypt_ecb,RijnDael_AES_CHAR|RijnDael_AES_LONG|RijnDael_AES_LONG_inv
clang-x64,Os,mbedtls,library/aria.c,mbedtls_aria_setkey_enc,RijnDael_AES_CHAR|RijnDael_AES_LONG|RijnDael_AES_LONG_inv
clang-x64,Os,mbedtls,library/aria.c,aria_fo_xor,RijnDael_AES_CHAR|RijnDael_AES_LONG|RijnDael_AES_LONG_inv
clang-x64,Os,mbedtls,library/aria.c,mbedtls_aria_crypt_ecb,RijnDael_AES_CHAR|RijnDael_AES_LONG|RijnDael_AES_LONG_inv
clang-a64,O3,mbedtls,library/aria.c,mbedtls_aria_setkey_enc,RijnDael_AES_CHAR|RijnDael_AES_LONG|RijnDael_AES_LONG_inv
clang-a64,O3,mbedtls,library/aria.c,aria_fo_xor,RijnDael_AES_CHAR|RijnDael_AES_LONG|RijnDael_AES_LONG_inv
clang-a64,O3,mbedtls,library/aria.c,mbedtls_aria_crypt_ecb,RijnDael_AES_CHAR|RijnDael_AES_LONG|RijnDael_AES_LONG_inv
clang-a64,Os,mbedtls,library/aria.c,mbedtls_aria_setkey_enc,RijnDael_AES_CHAR|RijnDael_AES_LONG|RijnDael_AES_LONG_inv
clang-a64,Os,mbedtls,library/aria.c,aria_fo_xor,RijnDael_AES_CHAR|RijnDael_AES_LONG|RijnDael_AES_LONG_inv
clang-a64,Os,mbedtls,library/aria.c,mbedtls_aria_crypt_ecb,RijnDael_AES_CHAR|RijnDael_AES_LONG|RijnDael_AES_LONG_inv
clang-arm32,O3,mbedtls,library/aria.c,mbedtls_aria_setkey_enc,RijnDael_AES_CHAR|RijnDael_AES_LONG|RijnDael_AES_LONG_inv
clang-arm32,O3,mbedtls,library/aria.c,aria_fo_xor,RijnDael_AES_CHAR|RijnDael_AES_LONG|RijnDael_AES_LONG_inv
clang-arm32,O3,mbedtls,library/aria.c,mbedtls_aria_crypt_ecb,RijnDael_AES_CHAR|RijnDael_AES_LONG|RijnDael_AES_LONG_inv
clang-arm32,Os,mbedtls,library/aria.c,mbedtls_aria_setkey_enc,RijnDael_AES_CHAR|RijnDael_AES_LONG|RijnDael_AES_LONG_inv
clang-arm32,Os,mbedtls,library/aria.c,aria_fo_xor,RijnDael_AES_CHAR|RijnDael_AES_LONG|RijnDael_AES_LONG_inv
clang-arm32,Os,mbedtls,library/aria.c,mbedtls_aria_crypt_ecb,RijnDael_AES_CHAR|RijnDael_AES_LONG|RijnDael_AES_LONG_inv
clang-x64,O3,mbedtls,library/bignum.c,mbedtls_mpi_self_test,Big_Numbers4
clang-x64,Os,mbedtls,library/bignum.c,mbedtls_mpi_self_test,Big_Numbers4
clang-a64,O3,mbedtls,library/bignum.c,mbedtls_mpi_self_test,Big_Numbers4
clang-a64,Os,mbedtls,library/bignum.c,mbedtls_mpi_self_test,Big_Numbers4
clang-arm32,O3,mbedtls,library/bignum.c,mbedtls_mpi_self_test,Big_Numbers4
clang-arm32,Os,mbedtls,library/bignum.c,mbedtls_mpi_self_test,Big_Numbers4
clang-x64,O3,mbedtls,library/chacha20.c,mbedtls_chacha20_setkey,salsa20
clang-x64,O3,mbedtls,library/chacha20.c,mbedtls_chacha20_crypt,salsa20
clang-x64,O3,mbedtls,library/chacha20.c,mbedtls_chacha20_self_test,salsa20
clang-x64,Os,mbedtls,library/chacha20.c,mbedtls_chacha20_setkey,salsa20
clang-x64,Os,mbedtls,library/chacha20.c,mbedtls_chacha20_crypt,salsa20
clang-x64,Os,mbedtls,library/chacha20.c,mbedtls_chacha20_self_test,salsa20
clang-a64,O3,mbedtls,library/chacha20.c,mbedtls_chacha20_setkey,salsa20
clang-a64,O3,mbedtls,library/chacha20.c,mbedtls_chacha20_crypt,salsa20
clang-a64,Os,mbedtls,library/chacha20.c,mbedtls_chacha20_setkey,salsa20
clang-a64,Os,mbedtls,library/chacha20.c,mbedtls_chacha20_crypt,salsa20
clang-a64,Os,mbedtls,library/chacha20.c,mbedtls_chacha20_self_test,salsa20
clang-arm32,O3,mbedtls,library/chacha20.c,mbedtls_chacha20_setkey,salsa20
clang-arm32,O3,mbedtls,library/chacha20.c,mbedtls_chacha20_crypt,salsa20
clang-arm32,Os,mbedtls,library/chacha20.c,mbedtls_chacha20_setkey,salsa20
clang-arm32,Os,mbedtls,library/chacha20.c,mbedtls_chacha20_crypt,salsa20
clang-x64,O3,mbedtls,library/des.c,mbedtls_des_crypt_ecb,DES_sbox
clang-x64,O3,mbedtls,library/des.c,mbedtls_des3_crypt_ecb,DES_sbox
clang-x64,Os,mbedtls,library/des.c,mbedtls_des_crypt_ecb,DES_sbox
clang-x64,Os,mbedtls,library/des.c,mbedtls_des3_crypt_ecb,DES_sbox
clang-a64,O3,mbedtls,library/des.c,mbedtls_des_crypt_ecb,DES_sbox
clang-a64,O3,mbedtls,library/des.c,mbedtls_des3_crypt_ecb,DES_sbox
clang-a64,Os,mbedtls,library/des.c,mbedtls_des_crypt_ecb,DES_sbox
clang-a64,Os,mbedtls,library/des.c,mbedtls_des3_crypt_ecb,DES_sbox
clang-arm32,O3,mbedtls,library/des.c,mbedtls_des_crypt_ecb,DES_sbox
clang-arm32,O3,mbedtls,library/des.c,mbedtls_des3_crypt_ecb,DES_sbox
clang-arm32,Os,mbedtls,library/des.c,mbedtls_des_crypt_ecb,DES_sbox
clang-arm32,Os,mbedtls,library/des.c,mbedtls_des3_crypt_ecb,DES_sbox
clang-x64,O3,mbedtls,library/ecp.c,mbedtls_ecp_grp_id_list,Big_Numbers2
clang-x64,O3,mbedtls,library/ecp.c,mbedtls_ecp_curve_info_from_name,Big_Numbers2|Big_Numbers3
clang-x64,O3,mbedtls,library/ecp.c,ecp_add_mixed,Big_Numbers2
clang-x64,O3,mbedtls,library/ecp.c,mbedtls_ecp_self_test,Big_Numbers3
clang-x64,O3,mbedtls,library/ecp.c,self_test_point,Big_Numbers2
clang-x64,O3,mbedtls,library/ecp.c,mbedtls_mpi_mul_mod,Big_Numbers2
clang-x64,O3,mbedtls,library/ecp.c,ecp_double_jac,Big_Numbers2
clang-x64,Os,mbedtls,library/ecp.c,mbedtls_ecp_grp_id_list,Big_Numbers2
clang-x64,Os,mbedtls,library/ecp.c,ecp_add_mixed,Big_Numbers2
clang-x64,Os,mbedtls,library/ecp.c,mbedtls_ecp_self_test,Big_Numbers3
clang-x64,Os,mbedtls,library/ecp.c,self_test_point,Big_Numbers2
clang-x64,Os,mbedtls,library/ecp.c,mbedtls_mpi_mul_mod,Big_Numbers2
clang-x64,Os,mbedtls,library/ecp.c,ecp_double_jac,Big_Numbers2
clang-a64,O3,mbedtls,library/ecp.c,mbedtls_ecp_grp_id_list,Big_Numbers2
clang-a64,O3,mbedtls,library/ecp.c,mbedtls_ecp_curve_info_from_name,Big_Numbers2|Big_Numbers3
clang-a64,O3,mbedtls,library/ecp.c,ecp_add_mixed,Big_Numbers2
clang-a64,O3,mbedtls,library/ecp.c,mbedtls_ecp_self_test,Big_Numbers3
clang-a64,O3,mbedtls,library/ecp.c,self_test_point,Big_Numbers2
clang-a64,O3,mbedtls,library/ecp.c,mbedtls_mpi_mul_mod,Big_Numbers2
clang-a64,O3,mbedtls,library/ecp.c,ecp_double_jac,Big_Numbers2
clang-a64,Os,mbedtls,library/ecp.c,mbedtls_ecp_grp_id_list,Big_Numbers2
clang-a64,Os,mbedtls,library/ecp.c,ecp_add_mixed,Big_Numbers2
clang-a64,Os,mbedtls,library/ecp.c,mbedtls_ecp_self_test,Big_Numbers3
clang-a64,Os,mbedtls,library/ecp.c,self_test_point,Big_Numbers2
clang-a64,Os,mbedtls,library/ecp.c,mbedtls_mpi_mul_mod,Big_Numbers2
clang-a64,Os,mbedtls,library/ecp.c,ecp_double_jac,Big_Numbers2
clang-arm32,O3,mbedtls,library/ecp.c,mbedtls_ecp_grp_id_list,Big_Numbers2
clang-arm32,O3,mbedtls,library/ecp.c,mbedtls_ecp_curve_info_from_name,Big_Numbers2|Big_Numbers3
clang-arm32,O3,mbedtls,library/ecp.c,ecp_add_mixed,Big_Numbers2
clang-arm32,O3,mbedtls,library/ecp.c,mbedtls_ecp_self_test,Big_Numbers3
clang-arm32,O3,mbedtls,library/ecp.c,self_test_point,Big_Numbers2
clang-arm32,O3,mbedtls,library/ecp.c,mbedtls_mpi_mul_mod,Big_Numbers2
clang-arm32,O3,mbedtls,library/ecp.c,ecp_double_jac,Big_Numbers2
clang-arm32,Os,mbedtls,library/ecp.c,mbedtls_ecp_grp_id_list,Big_Numbers2
clang-arm32,Os,mbedtls,library/ecp.c,ecp_add_mixed,Big_Numbers2
clang-arm32,Os,mbedtls,library/ecp.c,mbedtls_ecp_self_test,Big_Numbers3
clang-arm32,Os,mbedtls,library/ecp.c,self_test_point,Big_Numbers2
clang-arm32,Os,mbedtls,library/ecp.c,mbedtls_mpi_mul_mod,Big_Numbers2
clang-arm32,Os,mbedtls,library/ecp.c,ecp_double_jac,Big_Numbers2
clang-x64,O3,mbedtls,library/md5.c,mbedtls_md5_starts,MD5_Constants
clang-x64,O3,mbedtls,library/md5.c,mbedtls_internal_md5_process,MD5_Constants
clang-x64,O3,mbedtls,library/md5.c,mbedtls_md5_update,MD5_Constants
clang-x64,O3,mbedtls,library/md5.c,mbedtls_md5_finish,MD5_Constants
clang-x64,O3,mbedtls,library/md5.c,mbedtls_md5,MD5_Constants
clang-x64,Os,mbedtls,library/md5.c,mbedtls_md5_starts,MD5_Constants
clang-x64,Os,mbedtls,library/md5.c,mbedtls_internal_md5_process,MD5_Constants
clang-x64,Os,mbedtls,library/md5.c,mbedtls_md5_update,MD5_Constants
clang-x64,Os,mbedtls,library/md5.c,mbedtls_md5_finish,MD5_Constants
clang-x64,Os,mbedtls,library/md5.c,mbedtls_md5,MD5_Constants
clang-x64,O3,mbedtls,library/ripemd160.c,mbedtls_ripemd160_starts,RIPEMD160_Constants|SHA1_Constants
clang-x64,O3,mbedtls,library/ripemd160.c,mbedtls_ripemd160,RIPEMD160_Constants|SHA1_Constants
clang-x64,O3,mbedtls,library/ripemd160.c,mbedtls_ripemd160_self_test,RIPEMD160_Constants|SHA1_Constants
clang-x64,Os,mbedtls,library/ripemd160.c,mbedtls_ripemd160_starts,RIPEMD160_Constants|SHA1_Constants
clang-x64,Os,mbedtls,library/ripemd160.c,mbedtls_ripemd160,RIPEMD160_Constants|SHA1_Constants
clang-x64,Os,mbedtls,library/ripemd160.c,mbedtls_ripemd160_update,RIPEMD160_Constants|SHA1_Constants
clang-x64,O3,mbedtls,library/rsa.c,mbedtls_rsa_self_test,Big_Numbers4|Big_Numbers5
clang-x64,Os,mbedtls,library/rsa.c,mbedtls_rsa_self_test,Big_Numbers4|Big_Numbers5
clang-a64,O3,mbedtls,library/rsa.c,mbedtls_rsa_self_test,Big_Numbers4|Big_Numbers5
clang-a64,Os,mbedtls,library/rsa.c,mbedtls_rsa_self_test,Big_Numbers4|Big_Numbers5
clang-arm32,O3,mbedtls,library/rsa.c,mbedtls_rsa_self_test,Big_Numbers4|Big_Numbers5
clang-arm32,Os,mbedtls,library/rsa.c,mbedtls_rsa_self_test,Big_Numbers4|Big_Numbers5
clang-x64,O3,mbedtls,library/rsa_alt_helpers.c,mbedtls_rsa_deduce_primes,Prime_Constants_char
clang-x64,Os,mbedtls,library/rsa_alt_helpers.c,mbedtls_rsa_deduce_primes,Prime_Constants_char
clang-a64,O3,mbedtls,library/rsa_alt_helpers.c,mbedtls_rsa_deduce_primes,Prime_Constants_char
clang-a64,Os,mbedtls,library/rsa_alt_helpers.c,mbedtls_rsa_deduce_primes,Prime_Constants_char
clang-arm32,O3,mbedtls,library/rsa_alt_helpers.c,mbedtls_rsa_deduce_primes,Prime_Constants_char
clang-arm32,Os,mbedtls,library/rsa_alt_helpers.c,mbedtls_rsa_deduce_primes,Prime_Constants_char
clang-x64,O3,mbedtls,library/sha1.c,mbedtls_sha1_starts,RIPEMD160_Constants|SHA1_Constants
clang-x64,O3,mbedtls,library/sha1.c,mbedtls_sha1_self_test,RIPEMD160_Constants|SHA1_Constants
clang-x64,O3,mbedtls,library/sha1.c,mbedtls_sha1,RIPEMD160_Constants|SHA1_Constants
clang-x64,O3,mbedtls,library/sha1.c,mbedtls_internal_sha1_process,SHA1_Constants
clang-x64,Os,mbedtls,library/sha1.c,mbedtls_sha1_starts,RIPEMD160_Constants|SHA1_Constants
clang-x64,Os,mbedtls,library/sha1.c,mbedtls_sha1_self_test,RIPEMD160_Constants|SHA1_Constants
clang-x64,Os,mbedtls,library/sha1.c,mbedtls_sha1,RIPEMD160_Constants|SHA1_Constants
clang-x64,Os,mbedtls,library/sha1.c,mbedtls_internal_sha1_process,SHA1_Constants
clang-x64,Os,mbedtls,library/sha1.c,mbedtls_sha1_update,RIPEMD160_Constants|SHA1_Constants
clang-x64,Os,mbedtls,library/sha1.c,mbedtls_sha1_finish,RIPEMD160_Constants|SHA1_Constants
clang-x64,O3,mbedtls,library/sha256.c,mbedtls_sha256_starts,SHA256_Constants
clang-x64,O3,mbedtls,library/sha256.c,mbedtls_sha256,SHA256_Constants
clang-x64,O3,mbedtls,library/sha256.c,mbedtls_sha256_common_self_test,SHA256_Constants
clang-x64,Os,mbedtls,library/sha256.c,mbedtls_sha256_starts,SHA256_Constants
clang-x64,Os,mbedtls,library/sha256.c,mbedtls_sha256,SHA256_Constants
clang-x64,Os,mbedtls,library/sha256.c,mbedtls_sha256_common_self_test,SHA256_Constants
clang-a64,O3,mbedtls,library/sha256.c,mbedtls_sha256_starts,SHA256_Constants
clang-a64,O3,mbedtls,library/sha256.c,mbedtls_sha256,SHA256_Constants
clang-a64,O3,mbedtls,library/sha256.c,mbedtls_sha256_common_self_test,SHA256_Constants
clang-a64,Os,mbedtls,library/sha256.c,mbedtls_sha256_starts,SHA256_Constants
clang-a64,Os,mbedtls,library/sha256.c,mbedtls_sha256,SHA256_Constants
clang-a64,Os,mbedtls,library/sha256.c,mbedtls_sha256_common_self_test,SHA256_Constants
clang-arm32,O3,mbedtls,library/sha256.c,mbedtls_sha256_starts,SHA256_Constants
clang-arm32,O3,mbedtls,library/sha256.c,mbedtls_sha256,SHA256_Constants
clang-arm32,O3,mbedtls,library/sha256.c,mbedtls_sha256_common_self_test,SHA256_Constants
clang-arm32,Os,mbedtls,library/sha256.c,mbedtls_sha256_starts,SHA256_Constants
clang-arm32,Os,mbedtls,library/sha256.c,mbedtls_sha256,SHA256_Constants
clang-arm32,Os,mbedtls,library/sha256.c,mbedtls_sha256_common_self_test,SHA256_Constants
clang-x64,O3,mbedtls,library/sha512.c,mbedtls_sha512_starts,SHA256_Constants
clang-x64,O3,mbedtls,library/sha512.c,mbedtls_sha512,SHA256_Constants
clang-x64,O3,mbedtls,library/sha512.c,mbedtls_sha512_common_self_test,SHA256_Constants
clang-x64,Os,mbedtls,library/sha512.c,mbedtls_sha512_starts,SHA256_Constants
clang-x64,Os,mbedtls,library/sha512.c,mbedtls_sha512,SHA256_Constants
clang-x64,Os,mbedtls,library/sha512.c,mbedtls_sha512_common_self_test,SHA256_Constants
clang-a64,O3,mbedtls,library/sha512.c,mbedtls_sha512_starts,SHA256_Constants
clang-a64,O3,mbedtls,library/sha512.c,mbedtls_internal_sha512_process,SHA512_Constants
clang-a64,O3,mbedtls,library/sha512.c,mbedtls_sha512,SHA256_Constants
clang-a64,O3,mbedtls,library/sha512.c,mbedtls_sha512_common_self_test,SHA256_Constants
clang-a64,Os,mbedtls,library/sha512.c,mbedtls_sha512_starts,SHA256_Constants
clang-a64,Os,mbedtls,library/sha512.c,mbedtls_internal_sha512_process,SHA512_Constants
clang-a64,Os,mbedtls,library/sha512.c,mbedtls_sha512,SHA256_Constants
clang-a64,Os,mbedtls,library/sha512.c,mbedtls_sha512_common_self_test,SHA256_Constants
clang-arm32,O3,mbedtls,library/sha512.c,mbedtls_sha512_starts,SHA256_Constants
clang-arm32,O3,mbedtls,library/sha512.c,mbedtls_sha512,SHA256_Constants
clang-arm32,O3,mbedtls,library/sha512.c,mbedtls_sha512_common_self_test,SHA256_Constants
clang-arm32,O3,mbedtls,library/sha512.c,mbedtls_internal_sha512_process,SHA512_Constants
clang-arm32,Os,mbedtls,library/sha512.c,mbedtls_sha512_starts,SHA256_Constants
clang-arm32,Os,mbedtls,library/sha512.c,mbedtls_sha512,SHA256_Constants
clang-arm32,Os,mbedtls,library/sha512.c,mbedtls_sha512_common_self_test,SHA256_Constants
clang-arm32,Os,mbedtls,library/sha512.c,mbedtls_internal_sha512_process,SHA512_Constants
clang-x64,O3,pqclean,common/sha2.c,crypto_hashblocks_sha256,SHA512_Constants
clang-x64,O3,pqclean,common/sha2.c,crypto_hashblocks_sha512,SHA512_Constants
clang-x64,O3,pqclean,common/sha2.c,sha256_inc_init,SHA256_Constants
clang-x64,O3,pqclean,common/sha2.c,sha512_inc_init,SHA256_Constants
clang-x64,O3,pqclean,common/sha2.c,sha256,SHA256_Constants
clang-x64,O3,pqclean,common/sha2.c,sha512,SHA256_Constants
clang-x64,Os,pqclean,common/sha2.c,crypto_hashblocks_sha256,SHA512_Constants
clang-x64,Os,pqclean,common/sha2.c,crypto_hashblocks_sha512,SHA512_Constants
clang-x64,Os,pqclean,common/sha2.c,sha256_inc_init,SHA256_Constants
clang-x64,Os,pqclean,common/sha2.c,sha512_inc_init,SHA256_Constants
clang-a64,O3,pqclean,common/sha2.c,sha256_inc_init,SHA256_Constants
clang-a64,O3,pqclean,common/sha2.c,sha512_inc_init,SHA256_Constants
clang-a64,O3,pqclean,common/sha2.c,sha256,SHA256_Constants
clang-a64,O3,pqclean,common/sha2.c,sha512,SHA256_Constants
clang-a64,Os,pqclean,common/sha2.c,sha256_inc_init,SHA256_Constants
clang-a64,Os,pqclean,common/sha2.c,sha512_inc_init,SHA256_Constants
clang-arm32,O3,pqclean,common/sha2.c,sha256_inc_init,SHA256_Constants
clang-arm32,O3,pqclean,common/sha2.c,sha512_inc_init,SHA256_Constants
clang-arm32,O3,pqclean,common/sha2.c,sha256,SHA256_Constants
clang-arm32,O3,pqclean,common/sha2.c,sha512,SHA256_Constants
clang-arm32,Os,pqclean,common/sha2.c,sha256_inc_init,SHA256_Constants
clang-arm32,Os,pqclean,common/sha2.c,sha512_inc_init,SHA256_Constants
clang-x64,O3,pqclean,crypto_kem/ml-kem-1024/clean/ntt.c,PQCLEAN_MLKEM1024_CLEAN_ntt,NTT_ML-KEM
clang-x64,O3,pqclean,crypto_kem/ml-kem-1024/clean/ntt.c,PQCLEAN_MLKEM1024_CLEAN_invntt,NTT_ML-KEM
clang-x64,Os,pqclean,crypto_kem/ml-kem-1024/clean/ntt.c,PQCLEAN_MLKEM1024_CLEAN_ntt,NTT_ML-KEM
clang-x64,Os,pqclean,crypto_kem/ml-kem-1024/clean/ntt.c,PQCLEAN_MLKEM1024_CLEAN_invntt,NTT_ML-KEM
clang-a64,O3,pqclean,crypto_kem/ml-kem-1024/clean/ntt.c,PQCLEAN_MLKEM1024_CLEAN_ntt,NTT_ML-KEM
clang-a64,O3,pqclean,crypto_kem/ml-kem-1024/clean/ntt.c,PQCLEAN_MLKEM1024_CLEAN_invntt,NTT_ML-KEM
clang-a64,Os,pqclean,crypto_kem/ml-kem-1024/clean/ntt.c,PQCLEAN_MLKEM1024_CLEAN_ntt,NTT_ML-KEM
clang-a64,Os,pqclean,crypto_kem/ml-kem-1024/clean/ntt.c,PQCLEAN_MLKEM1024_CLEAN_invntt,NTT_ML-KEM
clang-arm32,O3,pqclean,crypto_kem/ml-kem-1024/clean/ntt.c,PQCLEAN_MLKEM1024_CLEAN_ntt,NTT_ML-KEM
clang-arm32,O3,pqclean,crypto_kem/ml-kem-1024/clean/ntt.c,PQCLEAN_MLKEM1024_CLEAN_invntt,NTT_ML-KEM
clang-arm32,Os,pqclean,crypto_kem/ml-kem-1024/clean/ntt.c,PQCLEAN_MLKEM1024_CLEAN_ntt,NTT_ML-KEM
clang-arm32,Os,pqclean,crypto_kem/ml-kem-1024/clean/ntt.c,PQCLEAN_MLKEM1024_CLEAN_invntt,NTT_ML-KEM
clang-x64,O3,pqclean,crypto_kem/ml-kem-512/clean/ntt.c,PQCLEAN_MLKEM512_CLEAN_ntt,NTT_ML-KEM
clang-x64,O3,pqclean,crypto_kem/ml-kem-512/clean/ntt.c,PQCLEAN_MLKEM512_CLEAN_invntt,NTT_ML-KEM
clang-x64,Os,pqclean,crypto_kem/ml-kem-512/clean/ntt.c,PQCLEAN_MLKEM512_CLEAN_ntt,NTT_ML-KEM
clang-x64,Os,pqclean,crypto_kem/ml-kem-512/clean/ntt.c,PQCLEAN_MLKEM512_CLEAN_invntt,NTT_ML-KEM
clang-a64,O3,pqclean,crypto_kem/ml-kem-512/clean/ntt.c,PQCLEAN_MLKEM512_CLEAN_ntt,NTT_ML-KEM
clang-a64,O3,pqclean,crypto_kem/ml-kem-512/clean/ntt.c,PQCLEAN_MLKEM512_CLEAN_invntt,NTT_ML-KEM
clang-a64,Os,pqclean,crypto_kem/ml-kem-512/clean/ntt.c,PQCLEAN_MLKEM512_CLEAN_ntt,NTT_ML-KEM
clang-a64,Os,pqclean,crypto_kem/ml-kem-512/clean/ntt.c,PQCLEAN_MLKEM512_CLEAN_invntt,NTT_ML-KEM
clang-arm32,O3,pqclean,crypto_kem/ml-kem-512/clean/ntt.c,PQCLEAN_MLKEM512_CLEAN_ntt,NTT_ML-KEM
clang-arm32,O3,pqclean,crypto_kem/ml-kem-512/clean/ntt.c,PQCLEAN_MLKEM512_CLEAN_invntt,NTT_ML-KEM
clang-arm32,Os,pqclean,crypto_kem/ml-kem-512/clean/ntt.c,PQCLEAN_MLKEM512_CLEAN_ntt,NTT_ML-KEM
clang-arm32,Os,pqclean,crypto_kem/ml-kem-512/clean/ntt.c,PQCLEAN_MLKEM512_CLEAN_invntt,NTT_ML-KEM
clang-x64,O3,pqclean,crypto_kem/ml-kem-768/clean/ntt.c,PQCLEAN_MLKEM768_CLEAN_ntt,NTT_ML-KEM
clang-x64,O3,pqclean,crypto_kem/ml-kem-768/clean/ntt.c,PQCLEAN_MLKEM768_CLEAN_invntt,NTT_ML-KEM
clang-x64,Os,pqclean,crypto_kem/ml-kem-768/clean/ntt.c,PQCLEAN_MLKEM768_CLEAN_ntt,NTT_ML-KEM
clang-x64,Os,pqclean,crypto_kem/ml-kem-768/clean/ntt.c,PQCLEAN_MLKEM768_CLEAN_invntt,NTT_ML-KEM
clang-a64,O3,pqclean,crypto_kem/ml-kem-768/clean/ntt.c,PQCLEAN_MLKEM768_CLEAN_ntt,NTT_ML-KEM
clang-a64,O3,pqclean,crypto_kem/ml-kem-768/clean/ntt.c,PQCLEAN_MLKEM768_CLEAN_invntt,NTT_ML-KEM
clang-a64,Os,pqclean,crypto_kem/ml-kem-768/clean/ntt.c,PQCLEAN_MLKEM768_CLEAN_ntt,NTT_ML-KEM
clang-a64,Os,pqclean,crypto_kem/ml-kem-768/clean/ntt.c,PQCLEAN_MLKEM768_CLEAN_invntt,NTT_ML-KEM
clang-arm32,O3,pqclean,crypto_kem/ml-kem-768/clean/ntt.c,PQCLEAN_MLKEM768_CLEAN_ntt,NTT_ML-KEM
clang-arm32,O3,pqclean,crypto_kem/ml-kem-768/clean/ntt.c,PQCLEAN_MLKEM768_CLEAN_invntt,NTT_ML-KEM
clang-arm32,Os,pqclean,crypto_kem/ml-kem-768/clean/ntt.c,PQCLEAN_MLKEM768_CLEAN_ntt,NTT_ML-KEM
clang-arm32,Os,pqclean,crypto_kem/ml-kem-768/clean/ntt.c,PQCLEAN_MLKEM768_CLEAN_invntt,NTT_ML-KEM
clang-x64,Os,pqclean,crypto_sign/falcon-512/clean/rng.c,PQCLEAN_FALCON512_CLEAN_prng_refill,salsa20
clang-a64,Os,pqclean,crypto_sign/falcon-512/clean/rng.c,PQCLEAN_FALCON512_CLEAN_prng_refill,salsa20
clang-arm32,Os,pqclean,crypto_sign/falcon-512/clean/rng.c,PQCLEAN_FALCON512_CLEAN_prng_refill,salsa20
clang-x64,O3,pqclean,crypto_sign/ml-dsa-44/clean/ntt.c,PQCLEAN_MLDSA44_CLEAN_ntt,NTT_ML-DSA
clang-x64,O3,pqclean,crypto_sign/ml-dsa-44/clean/ntt.c,PQCLEAN_MLDSA44_CLEAN_invntt_tomont,NTT_ML-DSA
clang-x64,Os,pqclean,crypto_sign/ml-dsa-44/clean/ntt.c,PQCLEAN_MLDSA44_CLEAN_ntt,NTT_ML-DSA
clang-x64,Os,pqclean,crypto_sign/ml-dsa-44/clean/ntt.c,PQCLEAN_MLDSA44_CLEAN_invntt_tomont,NTT_ML-DSA
clang-a64,O3,pqclean,crypto_sign/ml-dsa-44/clean/ntt.c,PQCLEAN_MLDSA44_CLEAN_ntt,NTT_ML-DSA
clang-a64,O3,pqclean,crypto_sign/ml-dsa-44/clean/ntt.c,PQCLEAN_MLDSA44_CLEAN_invntt_tomont,NTT_ML-DSA
clang-a64,Os,pqclean,crypto_sign/ml-dsa-44/clean/ntt.c,PQCLEAN_MLDSA44_CLEAN_ntt,NTT_ML-DSA
clang-a64,Os,pqclean,crypto_sign/ml-dsa-44/clean/ntt.c,PQCLEAN_MLDSA44_CLEAN_invntt_tomont,NTT_ML-DSA
clang-arm32,O3,pqclean,crypto_sign/ml-dsa-44/clean/ntt.c,PQCLEAN_MLDSA44_CLEAN_ntt,NTT_ML-DSA
clang-arm32,O3,pqclean,crypto_sign/ml-dsa-44/clean/ntt.c,PQCLEAN_MLDSA44_CLEAN_invntt_tomont,NTT_ML-DSA
clang-arm32,Os,pqclean,crypto_sign/ml-dsa-44/clean/ntt.c,PQCLEAN_MLDSA44_CLEAN_ntt,NTT_ML-DSA
clang-arm32,Os,pqclean,crypto_sign/ml-dsa-44/clean/ntt.c,PQCLEAN_MLDSA44_CLEAN_invntt_tomont,NTT_ML-DSA
clang-x64,O3,pqclean,crypto_sign/ml-dsa-65/clean/ntt.c,PQCLEAN_MLDSA65_CLEAN_ntt,NTT_ML-DSA
clang-x64,O3,pqclean,crypto_sign/ml-dsa-65/clean/ntt.c,PQCLEAN_MLDSA65_CLEAN_invntt_tomont,NTT_ML-DSA
clang-x64,Os,pqclean,crypto_sign/ml-dsa-65/clean/ntt.c,PQCLEAN_MLDSA65_CLEAN_ntt,NTT_ML-DSA
clang-x64,Os,pqclean,crypto_sign/ml-dsa-65/clean/ntt.c,PQCLEAN_MLDSA65_CLEAN_invntt_tomont,NTT_ML-DSA
clang-a64,O3,pqclean,crypto_sign/ml-dsa-65/clean/ntt.c,PQCLEAN_MLDSA65_CLEAN_ntt,NTT_ML-DSA
clang-a64,O3,pqclean,crypto_sign/ml-dsa-65/clean/ntt.c,PQCLEAN_MLDSA65_CLEAN_invntt_tomont,NTT_ML-DSA
clang-a64,Os,pqclean,crypto_sign/ml-dsa-65/clean/ntt.c,PQCLEAN_MLDSA65_CLEAN_ntt,NTT_ML-DSA
clang-a64,Os,pqclean,crypto_sign/ml-dsa-65/clean/ntt.c,PQCLEAN_MLDSA65_CLEAN_invntt_tomont,NTT_ML-DSA
clang-arm32,O3,pqclean,crypto_sign/ml-dsa-65/clean/ntt.c,PQCLEAN_MLDSA65_CLEAN_ntt,NTT_ML-DSA
clang-arm32,O3,pqclean,crypto_sign/ml-dsa-65/clean/ntt.c,PQCLEAN_MLDSA65_CLEAN_invntt_tomont,NTT_ML-DSA
clang-arm32,Os,pqclean,crypto_sign/ml-dsa-65/clean/ntt.c,PQCLEAN_MLDSA65_CLEAN_ntt,NTT_ML-DSA
clang-arm32,Os,pqclean,crypto_sign/ml-dsa-65/clean/ntt.c,PQCLEAN_MLDSA65_CLEAN_invntt_tomont,NTT_ML-DSA
clang-x64,O3,pqclean,crypto_sign/ml-dsa-87/clean/ntt.c,PQCLEAN_MLDSA87_CLEAN_ntt,NTT_ML-DSA
clang-x64,O3,pqclean,crypto_sign/ml-dsa-87/clean/ntt.c,PQCLEAN_MLDSA87_CLEAN_invntt_tomont,NTT_ML-DSA
clang-x64,Os,pqclean,crypto_sign/ml-dsa-87/clean/ntt.c,PQCLEAN_MLDSA87_CLEAN_ntt,NTT_ML-DSA
clang-x64,Os,pqclean,crypto_sign/ml-dsa-87/clean/ntt.c,PQCLEAN_MLDSA87_CLEAN_invntt_tomont,NTT_ML-DSA
clang-a64,O3,pqclean,crypto_sign/ml-dsa-87/clean/ntt.c,PQCLEAN_MLDSA87_CLEAN_ntt,NTT_ML-DSA
clang-a64,O3,pqclean,crypto_sign/ml-dsa-87/clean/ntt.c,PQCLEAN_MLDSA87_CLEAN_invntt_tomont,NTT_ML-DSA
clang-a64,Os,pqclean,crypto_sign/ml-dsa-87/clean/ntt.c,PQCLEAN_MLDSA87_CLEAN_ntt,NTT_ML-DSA
clang-a64,Os,pqclean,crypto_sign/ml-dsa-87/clean/ntt.c,PQCLEAN_MLDSA87_CLEAN_invntt_tomont,NTT_ML-DSA
clang-arm32,O3,pqclean,crypto_sign/ml-dsa-87/clean/ntt.c,PQCLEAN_MLDSA87_CLEAN_ntt,NTT_ML-DSA
clang-arm32,O3,pqclean,crypto_sign/ml-dsa-87/clean/ntt.c,PQCLEAN_MLDSA87_CLEAN_invntt_tomont,NTT_ML-DSA
clang-arm32,Os,pqclean,crypto_sign/ml-dsa-87/clean/ntt.c,PQCLEAN_MLDSA87_CLEAN_ntt,NTT_ML-DSA
clang-arm32,Os,pqclean,crypto_sign/ml-dsa-87/clean/ntt.c,PQCLEAN_MLDSA87_CLEAN_invntt_tomont,NTT_ML-DSA
clang-x64,O3,libtomcrypt,src/ciphers/aes/aes.c,rijndael_ecb_encrypt,RijnDael_AES
clang-x64,Os,libtomcrypt,src/ciphers/aes/aes.c,rijndael_ecb_encrypt,RijnDael_AES
clang-a64,O3,libtomcrypt,src/ciphers/aes/aes.c,rijndael_ecb_encrypt,RijnDael_AES
clang-a64,Os,libtomcrypt,src/ciphers/aes/aes.c,rijndael_ecb_encrypt,RijnDael_AES
clang-arm32,O3,libtomcrypt,src/ciphers/aes/aes.c,rijndael_ecb_encrypt,RijnDael_AES
clang-arm32,Os,libtomcrypt,src/ciphers/aes/aes.c,rijndael_ecb_encrypt,RijnDael_AES
clang-x64,O3,libtomcrypt,src/ciphers/blowfish.c,blowfish_setup,BLOWFISH_Constants
clang-x64,Os,libtomcrypt,src/ciphers/blowfish.c,blowfish_setup,BLOWFISH_Constants
clang-a64,O3,libtomcrypt,src/ciphers/blowfish.c,blowfish_setup,BLOWFISH_Constants
clang-a64,Os,libtomcrypt,src/ciphers/blowfish.c,blowfish_setup,BLOWFISH_Constants
clang-arm32,O3,libtomcrypt,src/ciphers/blowfish.c,blowfish_setup,BLOWFISH_Constants
clang-arm32,Os,libtomcrypt,src/ciphers/blowfish.c,blowfish_setup,BLOWFISH_Constants
clang-x64,O3,libtomcrypt,src/ciphers/des.c,desfunc,DES_sbox
clang-x64,Os,libtomcrypt,src/ciphers/des.c,desfunc,DES_sbox
clang-a64,O3,libtomcrypt,src/ciphers/des.c,desfunc,DES_sbox
clang-a64,Os,libtomcrypt,src/ciphers/des.c,desfunc,DES_sbox
clang-arm32,O3,libtomcrypt,src/ciphers/des.c,desfunc,DES_sbox
clang-arm32,Os,libtomcrypt,src/ciphers/des.c,desfunc,DES_sbox
clang-x64,O3,libtomcrypt,src/ciphers/kseed.c,kseed_setup,TEA_DELTA
clang-x64,Os,libtomcrypt,src/ciphers/kseed.c,kseed_setup,TEA_DELTA
clang-a64,O3,libtomcrypt,src/ciphers/kseed.c,kseed_setup,TEA_DELTA
clang-a64,Os,libtomcrypt,src/ciphers/kseed.c,kseed_setup,TEA_DELTA
clang-arm32,O3,libtomcrypt,src/ciphers/kseed.c,kseed_setup,TEA_DELTA
clang-arm32,Os,libtomcrypt,src/ciphers/kseed.c,kseed_setup,TEA_DELTA
clang-x64,O3,libtomcrypt,src/ciphers/xtea.c,xtea_setup,TEA_DELTA
clang-x64,Os,libtomcrypt,src/ciphers/xtea.c,xtea_setup,TEA_DELTA
clang-x64,O3,libtomcrypt,src/hashes/blake2b.c,blake2b_160_init,SHA256_Constants
clang-x64,O3,libtomcrypt,src/hashes/blake2b.c,blake2b_256_init,SHA256_Constants
clang-x64,O3,libtomcrypt,src/hashes/blake2b.c,blake2b_384_init,SHA256_Constants
clang-x64,O3,libtomcrypt,src/hashes/blake2b.c,blake2b_512_init,SHA256_Constants
clang-x64,O3,libtomcrypt,src/hashes/blake2b.c,blake2b_init,SHA256_Constants
clang-x64,O3,libtomcrypt,src/hashes/blake2b.c,blake2b_compress,SHA256_Constants
clang-x64,Os,libtomcrypt,src/hashes/blake2b.c,blake2b_compress,SHA256_Constants
clang-x64,Os,libtomcrypt,src/hashes/blake2b.c,blake2b_init,SHA256_Constants
clang-a64,O3,libtomcrypt,src/hashes/blake2b.c,blake2b_160_init,SHA256_Constants
clang-a64,O3,libtomcrypt,src/hashes/blake2b.c,blake2b_256_init,SHA256_Constants
clang-a64,O3,libtomcrypt,src/hashes/blake2b.c,blake2b_384_init,SHA256_Constants
clang-a64,O3,libtomcrypt,src/hashes/blake2b.c,blake2b_512_init,SHA256_Constants
clang-a64,O3,libtomcrypt,src/hashes/blake2b.c,blake2b_init,SHA256_Constants
clang-a64,Os,libtomcrypt,src/hashes/blake2b.c,blake2b_init,SHA256_Constants
clang-arm32,O3,libtomcrypt,src/hashes/blake2b.c,blake2b_160_init,SHA256_Constants
clang-arm32,O3,libtomcrypt,src/hashes/blake2b.c,blake2b_256_init,SHA256_Constants
clang-arm32,O3,libtomcrypt,src/hashes/blake2b.c,blake2b_384_init,SHA256_Constants
clang-arm32,O3,libtomcrypt,src/hashes/blake2b.c,blake2b_512_init,SHA256_Constants
clang-arm32,O3,libtomcrypt,src/hashes/blake2b.c,blake2b_init,SHA256_Constants
clang-arm32,O3,libtomcrypt,src/hashes/blake2b.c,blake2b_process,SHA256_Constants
clang-arm32,O3,libtomcrypt,src/hashes/blake2b.c,blake2b_done,SHA256_Constants
clang-arm32,Os,libtomcrypt,src/hashes/blake2b.c,blake2b_init,SHA256_Constants
clang-x64,O3,libtomcrypt,src/hashes/blake2s.c,blake2s_compress,SHA256_Constants
clang-x64,O3,libtomcrypt,src/hashes/blake2s.c,blake2s_init,SHA256_Constants
clang-x64,O3,libtomcrypt,src/hashes/blake2s.c,blake2s_128_init,SHA256_Constants
clang-x64,O3,libtomcrypt,src/hashes/blake2s.c,blake2s_160_init,SHA256_Constants
clang-x64,O3,libtomcrypt,src/hashes/blake2s.c,blake2s_224_init,SHA256_Constants
clang-x64,O3,libtomcrypt,src/hashes/blake2s.c,blake2s_256_init,SHA256_Constants
clang-x64,Os,libtomcrypt,src/hashes/blake2s.c,blake2s_compress,SHA256_Constants
clang-x64,Os,libtomcrypt,src/hashes/blake2s.c,blake2s_init,SHA256_Constants
clang-a64,O3,libtomcrypt,src/hashes/blake2s.c,blake2s_128_init,SHA256_Constants
clang-a64,O3,libtomcrypt,src/hashes/blake2s.c,blake2s_160_init,SHA256_Constants
clang-a64,O3,libtomcrypt,src/hashes/blake2s.c,blake2s_224_init,SHA256_Constants
clang-a64,O3,libtomcrypt,src/hashes/blake2s.c,blake2s_256_init,SHA256_Constants
clang-a64,O3,libtomcrypt,src/hashes/blake2s.c,blake2s_init,SHA256_Constants
clang-a64,Os,libtomcrypt,src/hashes/blake2s.c,blake2s_init,SHA256_Constants
clang-arm32,O3,libtomcrypt,src/hashes/blake2s.c,blake2s_128_init,SHA256_Constants
clang-arm32,O3,libtomcrypt,src/hashes/blake2s.c,blake2s_160_init,SHA256_Constants
clang-arm32,O3,libtomcrypt,src/hashes/blake2s.c,blake2s_224_init,SHA256_Constants
clang-arm32,O3,libtomcrypt,src/hashes/blake2s.c,blake2s_256_init,SHA256_Constants
clang-arm32,O3,libtomcrypt,src/hashes/blake2s.c,blake2s_init,SHA256_Constants
clang-arm32,O3,libtomcrypt,src/hashes/blake2s.c,blake2s_process,SHA256_Constants
clang-arm32,O3,libtomcrypt,src/hashes/blake2s.c,blake2s_done,SHA256_Constants
clang-arm32,Os,libtomcrypt,src/hashes/blake2s.c,blake2s_init,SHA256_Constants
clang-x64,O3,libtomcrypt,src/hashes/md5.c,md5_compress,MD5_Constants
clang-x64,O3,libtomcrypt,src/hashes/md5.c,md5_init,MD5_Constants
clang-x64,Os,libtomcrypt,src/hashes/md5.c,md5_compress,MD5_Constants
clang-x64,Os,libtomcrypt,src/hashes/md5.c,md5_init,MD5_Constants
clang-x64,O3,libtomcrypt,src/hashes/rmd160.c,rmd160_init,RIPEMD160_Constants|SHA1_Constants
clang-x64,Os,libtomcrypt,src/hashes/rmd160.c,rmd160_init,RIPEMD160_Constants|SHA1_Constants
clang-a64,O3,libtomcrypt,src/hashes/rmd160.c,rmd160_init,RIPEMD160_Constants|SHA1_Constants
clang-a64,Os,libtomcrypt,src/hashes/rmd160.c,rmd160_init,RIPEMD160_Constants|SHA1_Constants
clang-x64,O3,libtomcrypt,src/hashes/rmd256.c,rmd256_init,MD5_Constants|RIPEMD160_Constants|SHA1_Constants
clang-x64,Os,libtomcrypt,src/hashes/rmd256.c,rmd256_init,MD5_Constants|RIPEMD160_Constants|SHA1_Constants
clang-a64,O3,libtomcrypt,src/hashes/rmd256.c,rmd256_init,MD5_Constants|RIPEMD160_Constants|SHA1_Constants
clang-a64,Os,libtomcrypt,src/hashes/rmd256.c,rmd256_init,MD5_Constants|RIPEMD160_Constants|SHA1_Constants
clang-arm32,O3,libtomcrypt,src/hashes/rmd256.c,rmd256_init,MD5_Constants|RIPEMD160_Constants|SHA1_Constants
clang-arm32,Os,libtomcrypt,src/hashes/rmd256.c,rmd256_init,MD5_Constants|RIPEMD160_Constants|SHA1_Constants
clang-x64,O3,libtomcrypt,src/hashes/rmd320.c,rmd320_init,MD5_Constants|RIPEMD160_Constants|SHA1_Constants
clang-x64,Os,libtomcrypt,src/hashes/rmd320.c,rmd320_init,MD5_Constants|RIPEMD160_Constants|SHA1_Constants
clang-a64,O3,libtomcrypt,src/hashes/rmd320.c,rmd320_init,MD5_Constants|RIPEMD160_Constants|SHA1_Constants
clang-a64,Os,libtomcrypt,src/hashes/rmd320.c,rmd320_init,MD5_Constants|RIPEMD160_Constants|SHA1_Constants
clang-arm32,O3,libtomcrypt,src/hashes/rmd320.c,rmd320_init,MD5_Constants|RIPEMD160_Constants|SHA1_Constants
clang-arm32,Os,libtomcrypt,src/hashes/rmd320.c,rmd320_init,MD5_Constants|RIPEMD160_Constants|SHA1_Constants
clang-x64,O3,libtomcrypt,src/hashes/sha1.c,sha1_init,RIPEMD160_Constants|SHA1_Constants
clang-x64,O3,libtomcrypt,src/hashes/sha1.c,sha1_compress,SHA1_Constants
clang-x64,Os,libtomcrypt,src/hashes/sha1.c,sha1_init,RIPEMD160_Constants|SHA1_Constants
clang-x64,Os,libtomcrypt,src/hashes/sha1.c,sha1_compress,SHA1_Constants
clang-a64,O3,libtomcrypt,src/hashes/sha1.c,sha1_init,RIPEMD160_Constants|SHA1_Constants
clang-a64,Os,libtomcrypt,src/hashes/sha1.c,sha1_init,RIPEMD160_Constants|SHA1_Constants
clang-x64,O3,libtomcrypt,src/hashes/sha2/sha256.c,sha256_init,SHA256_Constants
clang-x64,Os,libtomcrypt,src/hashes/sha2/sha256.c,sha256_init,SHA256_Constants
clang-a64,O3,libtomcrypt,src/hashes/sha2/sha256.c,sha256_init,SHA256_Constants
clang-a64,Os,libtomcrypt,src/hashes/sha2/sha256.c,sha256_init,SHA256_Constants
clang-arm32,O3,libtomcrypt,src/hashes/sha2/sha256.c,sha256_init,SHA256_Constants
clang-arm32,Os,libtomcrypt,src/hashes/sha2/sha256.c,sha256_init,SHA256_Constants
clang-x64,O3,libtomcrypt,src/hashes/sha2/sha512.c,sha512_init,SHA256_Constants
clang-x64,Os,libtomcrypt,src/hashes/sha2/sha512.c,sha512_init,SHA256_Constants
clang-a64,O3,libtomcrypt,src/hashes/sha2/sha512.c,sha512_init,SHA256_Constants
clang-a64,O3,libtomcrypt,src/hashes/sha2/sha512.c,sha512_compress,SHA512_Constants
clang-a64,Os,libtomcrypt,src/hashes/sha2/sha512.c,sha512_init,SHA256_Constants
clang-a64,Os,libtomcrypt,src/hashes/sha2/sha512.c,sha512_compress,SHA512_Constants
clang-arm32,O3,libtomcrypt,src/hashes/sha2/sha512.c,sha512_init,SHA256_Constants
clang-arm32,O3,libtomcrypt,src/hashes/sha2/sha512.c,sha512_compress,SHA512_Constants
clang-arm32,Os,libtomcrypt,src/hashes/sha2/sha512.c,sha512_init,SHA256_Constants
clang-arm32,Os,libtomcrypt,src/hashes/sha2/sha512.c,sha512_compress,SHA512_Constants
clang-x64,O3,libtomcrypt,src/mac/pelican/pelican.c,four_rounds,RijnDael_AES
clang-x64,Os,libtomcrypt,src/mac/pelican/pelican.c,four_rounds,RijnDael_AES
clang-a64,O3,libtomcrypt,src/mac/pelican/pelican.c,four_rounds,RijnDael_AES
clang-a64,Os,libtomcrypt,src/mac/pelican/pelican.c,four_rounds,RijnDael_AES
clang-arm32,O3,libtomcrypt,src/mac/pelican/pelican.c,four_rounds,RijnDael_AES
clang-arm32,Os,libtomcrypt,src/mac/pelican/pelican.c,four_rounds,RijnDael_AES
clang-x64,O3,libtomcrypt,src/misc/base64/base64_encode.c,base64_encode,BASE64_table
clang-x64,Os,libtomcrypt,src/misc/base64/base64_encode.c,base64_encode,BASE64_table
clang-a64,O3,libtomcrypt,src/misc/base64/base64_encode.c,base64_encode,BASE64_table
clang-a64,Os,libtomcrypt,src/misc/base64/base64_encode.c,base64_encode,BASE64_table
clang-arm32,O3,libtomcrypt,src/misc/base64/base64_encode.c,base64_encode,BASE64_table
clang-arm32,Os,libtomcrypt,src/misc/base64/base64_encode.c,base64_encode,BASE64_table
clang-x64,O3,monocypher,src/monocypher.c,crypto_blake2b_keyed_init,SHA256_Constants
clang-x64,O3,monocypher,src/monocypher.c,crypto_blake2b_init,SHA256_Constants
clang-x64,O3,monocypher,src/monocypher.c,blake2b_compress,SHA256_Constants
clang-x64,O3,monocypher,src/monocypher.c,crypto_blake2b_keyed,SHA256_Constants
clang-x64,O3,monocypher,src/monocypher.c,crypto_argon2,SHA256_Constants
clang-x64,O3,monocypher,src/monocypher.c,extended_hash,SHA256_Constants
clang-x64,O3,monocypher,src/monocypher.c,hash_reduce,SHA256_Constants
clang-x64,O3,monocypher,src/monocypher.c,crypto_chacha20_h,salsa20
clang-x64,O3,monocypher,src/monocypher.c,crypto_chacha20_djb,salsa20
clang-x64,O3,monocypher,src/monocypher.c,crypto_chacha20_x,salsa20
clang-x64,O3,monocypher,src/monocypher.c,crypto_aead_lock,salsa20
clang-x64,O3,monocypher,src/monocypher.c,crypto_aead_unlock,salsa20
clang-x64,Os,monocypher,src/monocypher.c,crypto_blake2b_keyed_init,SHA256_Constants
clang-x64,Os,monocypher,src/monocypher.c,crypto_blake2b_init,SHA256_Constants
clang-x64,Os,monocypher,src/monocypher.c,blake2b_compress,SHA256_Constants
clang-x64,Os,monocypher,src/monocypher.c,crypto_blake2b_keyed,SHA256_Constants
clang-x64,Os,monocypher,src/monocypher.c,crypto_blake2b,SHA256_Constants
clang-x64,Os,monocypher,src/monocypher.c,crypto_argon2,SHA256_Constants
clang-x64,Os,monocypher,src/monocypher.c,extended_hash,SHA256_Constants
clang-x64,Os,monocypher,src/monocypher.c,crypto_eddsa_key_pair,SHA256_Constants
clang-x64,Os,monocypher,src/monocypher.c,crypto_eddsa_sign,SHA256_Constants
clang-x64,Os,monocypher,src/monocypher.c,hash_reduce,SHA256_Constants
clang-x64,Os,monocypher,src/monocypher.c,crypto_chacha20_h,salsa20
clang-x64,Os,monocypher,src/monocypher.c,crypto_chacha20_djb,salsa20
clang-a64,O3,monocypher,src/monocypher.c,crypto_chacha20_h,salsa20
clang-a64,O3,monocypher,src/monocypher.c,crypto_chacha20_djb,salsa20
clang-a64,O3,monocypher,src/monocypher.c,crypto_blake2b_keyed_init,SHA256_Constants
clang-a64,O3,monocypher,src/monocypher.c,crypto_blake2b_init,SHA256_Constants
clang-a64,O3,monocypher,src/monocypher.c,crypto_blake2b_keyed,SHA256_Constants
clang-a64,O3,monocypher,src/monocypher.c,crypto_argon2,SHA256_Constants
clang-a64,O3,monocypher,src/monocypher.c,extended_hash,SHA256_Constants
clang-a64,O3,monocypher,src/monocypher.c,hash_reduce,SHA256_Constants
clang-a64,Os,monocypher,src/monocypher.c,crypto_chacha20_h,salsa20
clang-a64,Os,monocypher,src/monocypher.c,crypto_chacha20_djb,salsa20
clang-a64,Os,monocypher,src/monocypher.c,crypto_blake2b_keyed_init,SHA256_Constants
clang-a64,Os,monocypher,src/monocypher.c,crypto_blake2b_init,SHA256_Constants
clang-a64,Os,monocypher,src/monocypher.c,crypto_blake2b_keyed,SHA256_Constants
clang-a64,Os,monocypher,src/monocypher.c,crypto_blake2b,SHA256_Constants
clang-a64,Os,monocypher,src/monocypher.c,crypto_argon2,SHA256_Constants
clang-a64,Os,monocypher,src/monocypher.c,extended_hash,SHA256_Constants
clang-a64,Os,monocypher,src/monocypher.c,crypto_eddsa_key_pair,SHA256_Constants
clang-a64,Os,monocypher,src/monocypher.c,crypto_eddsa_sign,SHA256_Constants
clang-a64,Os,monocypher,src/monocypher.c,hash_reduce,SHA256_Constants
clang-arm32,O3,monocypher,src/monocypher.c,crypto_chacha20_h,salsa20
clang-arm32,O3,monocypher,src/monocypher.c,crypto_chacha20_djb,salsa20
clang-arm32,O3,monocypher,src/monocypher.c,crypto_blake2b_keyed_init,SHA256_Constants
clang-arm32,O3,monocypher,src/monocypher.c,crypto_blake2b_init,SHA256_Constants
clang-arm32,O3,monocypher,src/monocypher.c,crypto_blake2b_keyed,SHA256_Constants
clang-arm32,O3,monocypher,src/monocypher.c,crypto_argon2,SHA256_Constants
clang-arm32,O3,monocypher,src/monocypher.c,extended_hash,SHA256_Constants
clang-arm32,O3,monocypher,src/monocypher.c,hash_reduce,SHA256_Constants
clang-arm32,Os,monocypher,src/monocypher.c,crypto_chacha20_h,salsa20
clang-arm32,Os,monocypher,src/monocypher.c,crypto_chacha20_djb,salsa20
clang-arm32,Os,monocypher,src/monocypher.c,crypto_blake2b_keyed_init,SHA256_Constants
clang-arm32,Os,monocypher,src/monocypher.c,crypto_blake2b_init,SHA256_Constants
clang-arm32,Os,monocypher,src/monocypher.c,crypto_argon2,SHA256_Constants
clang-arm32,Os,monocypher,src/monocypher.c,extended_hash,SHA256_Constants
clang-arm32,Os,monocypher,src/monocypher.c,hash_reduce,SHA256_Constants
clang-x64,O3,monocypher,src/optional/monocypher-ed25519.c,crypto_sha512_init,SHA256_Constants
clang-x64,O3,monocypher,src/optional/monocypher-ed25519.c,crypto_sha512,SHA256_Constants
clang-x64,O3,monocypher,src/optional/monocypher-ed25519.c,crypto_sha512_hmac_init,SHA256_Constants
clang-x64,O3,monocypher,src/optional/monocypher-ed25519.c,crypto_sha512_hmac_final,SHA256_Constants
clang-x64,O3,monocypher,src/optional/monocypher-ed25519.c,crypto_ed25519_key_pair,SHA256_Constants
clang-x64,O3,monocypher,src/optional/monocypher-ed25519.c,ed25519_dom_sign,SHA256_Constants
clang-x64,O3,monocypher,src/optional/monocypher-ed25519.c,crypto_ed25519_check,SHA256_Constants
clang-x64,O3,monocypher,src/optional/monocypher-ed25519.c,crypto_ed25519_ph_check,SHA256_Constants
clang-x64,O3,monocypher,src/optional/monocypher-ed25519.c,sha512_compress,SHA512_Constants
clang-x64,Os,monocypher,src/optional/monocypher-ed25519.c,crypto_sha512_init,SHA256_Constants
clang-x64,Os,monocypher,src/optional/monocypher-ed25519.c,crypto_sha512,SHA256_Constants
clang-x64,Os,monocypher,src/optional/monocypher-ed25519.c,crypto_sha512_hmac_init,SHA256_Constants
clang-x64,Os,monocypher,src/optional/monocypher-ed25519.c,crypto_sha512_hmac_final,SHA256_Constants
clang-x64,Os,monocypher,src/optional/monocypher-ed25519.c,hash_reduce,SHA256_Constants
clang-x64,Os,monocypher,src/optional/monocypher-ed25519.c,sha512_compress,SHA512_Constants
clang-a64,O3,monocypher,src/optional/monocypher-ed25519.c,crypto_sha512_init,SHA256_Constants
clang-a64,O3,monocypher,src/optional/monocypher-ed25519.c,sha512_compress,SHA512_Constants
clang-a64,O3,monocypher,src/optional/monocypher-ed25519.c,crypto_sha512,SHA256_Constants
clang-a64,O3,monocypher,src/optional/monocypher-ed25519.c,crypto_sha512_hmac_init,SHA256_Constants
clang-a64,O3,monocypher,src/optional/monocypher-ed25519.c,crypto_sha512_hmac_final,SHA256_Constants
clang-a64,O3,monocypher,src/optional/monocypher-ed25519.c,crypto_ed25519_key_pair,SHA256_Constants
clang-a64,O3,monocypher,src/optional/monocypher-ed25519.c,ed25519_dom_sign,SHA256_Constants
clang-a64,O3,monocypher,src/optional/monocypher-ed25519.c,crypto_ed25519_check,SHA256_Constants
clang-a64,O3,monocypher,src/optional/monocypher-ed25519.c,crypto_ed25519_ph_check,SHA256_Constants
clang-a64,Os,monocypher,src/optional/monocypher-ed25519.c,crypto_sha512_init,SHA256_Constants
clang-a64,Os,monocypher,src/optional/monocypher-ed25519.c,sha512_compress,SHA512_Constants
clang-a64,Os,monocypher,src/optional/monocypher-ed25519.c,crypto_sha512,SHA256_Constants
clang-a64,Os,monocypher,src/optional/monocypher-ed25519.c,crypto_sha512_hmac_init,SHA256_Constants
clang-a64,Os,monocypher,src/optional/monocypher-ed25519.c,crypto_sha512_hmac_final,SHA256_Constants
clang-a64,Os,monocypher,src/optional/monocypher-ed25519.c,hash_reduce,SHA256_Constants
clang-arm32,O3,monocypher,src/optional/monocypher-ed25519.c,crypto_sha512_init,SHA256_Constants
clang-arm32,O3,monocypher,src/optional/monocypher-ed25519.c,crypto_sha512,SHA256_Constants
clang-arm32,O3,monocypher,src/optional/monocypher-ed25519.c,crypto_sha512_hmac_init,SHA256_Constants
clang-arm32,O3,monocypher,src/optional/monocypher-ed25519.c,crypto_sha512_hmac_final,SHA256_Constants
clang-arm32,O3,monocypher,src/optional/monocypher-ed25519.c,crypto_ed25519_key_pair,SHA256_Constants
clang-arm32,O3,monocypher,src/optional/monocypher-ed25519.c,ed25519_dom_sign,SHA256_Constants
clang-arm32,O3,monocypher,src/optional/monocypher-ed25519.c,crypto_ed25519_check,SHA256_Constants
clang-arm32,O3,monocypher,src/optional/monocypher-ed25519.c,crypto_ed25519_ph_check,SHA256_Constants
clang-arm32,O3,monocypher,src/optional/monocypher-ed25519.c,sha512_compress,SHA512_Constants
clang-arm32,O3,monocypher,src/optional/monocypher-ed25519.c,crypto_sha512_hmac_update,SHA256_Constants
clang-arm32,O3,monocypher,src/optional/monocypher-ed25519.c,crypto_sha512_hmac,SHA256_Constants
clang-arm32,O3,monocypher,src/optional/monocypher-ed25519.c,crypto_sha512_hkdf_expand,SHA256_Constants
clang-arm32,O3,monocypher,src/optional/monocypher-ed25519.c,crypto_sha512_hkdf,SHA256_Constants
clang-arm32,Os,monocypher,src/optional/monocypher-ed25519.c,crypto_sha512_init,SHA256_Constants
clang-arm32,Os,monocypher,src/optional/monocypher-ed25519.c,crypto_sha512,SHA256_Constants
clang-arm32,Os,monocypher,src/optional/monocypher-ed25519.c,crypto_sha512_hmac_init,SHA256_Constants
clang-arm32,Os,monocypher,src/optional/monocypher-ed25519.c,crypto_sha512_hmac_final,SHA256_Constants
clang-arm32,Os,monocypher,src/optional/monocypher-ed25519.c,hash_reduce,SHA256_Constants
clang-arm32,Os,monocypher,src/optional/monocypher-ed25519.c,sha512_compress,SHA512_Constants
clang-arm32,Os,monocypher,src/optional/monocypher-ed25519.c,crypto_sha512_hmac_update,SHA256_Constants
clang-arm32,Os,monocypher,src/optional/monocypher-ed25519.c,crypto_sha512_hmac,SHA256_Constants
clang-arm32,Os,monocypher,src/optional/monocypher-ed25519.c,crypto_sha512_hkdf_expand,SHA256_Constants
clang-arm32,Os,monocypher,src/optional/monocypher-ed25519.c,crypto_sha512_hkdf,SHA256_Constants
clang-x64,O3,tiny-aes,aes.c,KeyExpansion,RijnDael_AES_CHAR|RijnDael_AES_LONG
clang-x64,O3,tiny-aes,aes.c,Cipher,RijnDael_AES_CHAR|RijnDael_AES_LONG
clang-x64,O3,tiny-aes,aes.c,InvCipher,RijnDael_AES_LONG_inv
clang-x64,Os,tiny-aes,aes.c,KeyExpansion,RijnDael_AES_CHAR|RijnDael_AES_LONG
clang-x64,Os,tiny-aes,aes.c,Cipher,RijnDael_AES_CHAR|RijnDael_AES_LONG
clang-x64,Os,tiny-aes,aes.c,InvCipher,RijnDael_AES_LONG_inv
clang-a64,O3,tiny-aes,aes.c,KeyExpansion,RijnDael_AES_CHAR|RijnDael_AES_LONG
clang-a64,O3,tiny-aes,aes.c,Cipher,RijnDael_AES_CHAR|RijnDael_AES_LONG
clang-a64,O3,tiny-aes,aes.c,InvCipher,RijnDael_AES_LONG_inv
clang-a64,Os,tiny-aes,aes.c,KeyExpansion,RijnDael_AES_CHAR|RijnDael_AES_LONG
clang-a64,Os,tiny-aes,aes.c,Cipher,RijnDael_AES_CHAR|RijnDael_AES_LONG
clang-a64,Os,tiny-aes,aes.c,InvCipher,RijnDael_AES_LONG_inv
clang-arm32,O3,tiny-aes,aes.c,KeyExpansion,RijnDael_AES_CHAR|RijnDael_AES_LONG
clang-arm32,O3,tiny-aes,aes.c,Cipher,RijnDael_AES_CHAR|RijnDael_AES_LONG
clang-arm32,O3,tiny-aes,aes.c,InvCipher,RijnDael_AES_LONG_inv
clang-arm32,Os,tiny-aes,aes.c,KeyExpansion,RijnDael_AES_CHAR|RijnDael_AES_LONG
clang-arm32,Os,tiny-aes,aes.c,Cipher,RijnDael_AES_CHAR|RijnDael_AES_LONG
clang-arm32,Os,tiny-aes,aes.c,InvCipher,RijnDael_AES_LONG_inv
clang-x64,O3,bcon,aes.c,aes_encrypt,RijnDael_AES_CHAR|RijnDael_AES_LONG
clang-x64,O3,bcon,aes.c,aes_decrypt,RijnDael_AES_LONG_inv
clang-x64,O3,bcon,aes.c,aes_key_setup,RijnDael_AES_CHAR|RijnDael_AES_LONG
clang-x64,O3,bcon,aes.c,SubWord,RijnDael_AES_CHAR|RijnDael_AES_LONG
clang-x64,O3,bcon,aes.c,SubBytes,RijnDael_AES_CHAR|RijnDael_AES_LONG
clang-x64,O3,bcon,aes.c,InvSubBytes,RijnDael_AES_LONG_inv
clang-x64,Os,bcon,aes.c,SubWord,RijnDael_AES_CHAR|RijnDael_AES_LONG
clang-x64,Os,bcon,aes.c,SubBytes,RijnDael_AES_CHAR|RijnDael_AES_LONG
clang-x64,Os,bcon,aes.c,InvSubBytes,RijnDael_AES_LONG_inv
clang-a64,O3,bcon,aes.c,aes_encrypt,RijnDael_AES_CHAR|RijnDael_AES_LONG
clang-a64,O3,bcon,aes.c,aes_decrypt,RijnDael_AES_LONG_inv
clang-a64,O3,bcon,aes.c,aes_key_setup,RijnDael_AES_CHAR|RijnDael_AES_LONG
clang-a64,O3,bcon,aes.c,SubWord,RijnDael_AES_CHAR|RijnDael_AES_LONG
clang-a64,O3,bcon,aes.c,SubBytes,RijnDael_AES_CHAR|RijnDael_AES_LONG
clang-a64,O3,bcon,aes.c,InvSubBytes,RijnDael_AES_LONG_inv
clang-a64,Os,bcon,aes.c,SubWord,RijnDael_AES_CHAR|RijnDael_AES_LONG
clang-a64,Os,bcon,aes.c,SubBytes,RijnDael_AES_CHAR|RijnDael_AES_LONG
clang-a64,Os,bcon,aes.c,InvSubBytes,RijnDael_AES_LONG_inv
clang-arm32,O3,bcon,aes.c,aes_encrypt,RijnDael_AES_CHAR|RijnDael_AES_LONG
clang-arm32,O3,bcon,aes.c,aes_decrypt,RijnDael_AES_LONG_inv
clang-arm32,O3,bcon,aes.c,aes_key_setup,RijnDael_AES_CHAR|RijnDael_AES_LONG
clang-arm32,O3,bcon,aes.c,SubWord,RijnDael_AES_CHAR|RijnDael_AES_LONG
clang-arm32,O3,bcon,aes.c,SubBytes,RijnDael_AES_CHAR|RijnDael_AES_LONG
clang-arm32,O3,bcon,aes.c,InvSubBytes,RijnDael_AES_LONG_inv
clang-arm32,Os,bcon,aes.c,SubWord,RijnDael_AES_CHAR|RijnDael_AES_LONG
clang-arm32,Os,bcon,aes.c,SubBytes,RijnDael_AES_CHAR|RijnDael_AES_LONG
clang-arm32,Os,bcon,aes.c,InvSubBytes,RijnDael_AES_LONG_inv
clang-x64,O3,bcon,base64.c,base64_encode,BASE64_table
clang-x64,Os,bcon,base64.c,base64_encode,BASE64_table
clang-a64,O3,bcon,base64.c,base64_encode,BASE64_table
clang-a64,Os,bcon,base64.c,base64_encode,BASE64_table
clang-arm32,O3,bcon,base64.c,base64_encode,BASE64_table
clang-arm32,Os,bcon,base64.c,base64_encode,BASE64_table
clang-x64,O3,bcon,blowfish.c,blowfish_key_setup,BLOWFISH_Constants
clang-x64,Os,bcon,blowfish.c,blowfish_key_setup,BLOWFISH_Constants
clang-a64,O3,bcon,blowfish.c,blowfish_key_setup,BLOWFISH_Constants
clang-a64,Os,bcon,blowfish.c,blowfish_key_setup,BLOWFISH_Constants
clang-arm32,O3,bcon,blowfish.c,blowfish_key_setup,BLOWFISH_Constants
clang-arm32,Os,bcon,blowfish.c,blowfish_key_setup,BLOWFISH_Constants
clang-x64,O3,bcon,md5.c,md5_transform,MD5_Constants
clang-x64,O3,bcon,md5.c,md5_init,MD5_Constants
clang-x64,Os,bcon,md5.c,md5_transform,MD5_Constants
clang-x64,Os,bcon,md5.c,md5_init,MD5_Constants
clang-x64,O3,bcon,sha1.c,sha1_init,RIPEMD160_Constants|SHA1_Constants
clang-x64,Os,bcon,sha1.c,sha1_init,RIPEMD160_Constants|SHA1_Constants
clang-a64,O3,bcon,sha1.c,sha1_init,RIPEMD160_Constants|SHA1_Constants
clang-a64,Os,bcon,sha1.c,sha1_init,RIPEMD160_Constants|SHA1_Constants
clang-arm32,O3,bcon,sha1.c,sha1_init,RIPEMD160_Constants|SHA1_Constants
clang-arm32,Os,bcon,sha1.c,sha1_init,RIPEMD160_Constants|SHA1_Constants
clang-x64,O3,bcon,sha256.c,sha256_init,SHA256_Constants
clang-x64,Os,bcon,sha256.c,sha256_init,SHA256_Constants
clang-a64,O3,bcon,sha256.c,sha256_init,SHA256_Constants
clang-a64,Os,bcon,sha256.c,sha256_init,SHA256_Constants
clang-arm32,O3,bcon,sha256.c,sha256_init,SHA256_Constants
clang-arm32,Os,bcon,sha256.c,sha256_init,SHA256_Constants
clang-x64,O3,zlib,crc32.c,crc32_combine64,CRC32_poly_Constant
clang-x64,O3,zlib,crc32.c,crc32_combine,CRC32_poly_Constant
clang-x64,O3,zlib,crc32.c,crc32_combine_gen64,CRC32_poly_Constant
clang-x64,O3,zlib,crc32.c,crc32_combine_gen,CRC32_poly_Constant
clang-x64,O3,zlib,crc32.c,crc32_combine_op,CRC32_poly_Constant
clang-x64,Os,zlib,crc32.c,crc32_combine64,CRC32_poly_Constant
clang-x64,Os,zlib,crc32.c,x2nmodp,CRC32_poly_Constant
clang-x64,Os,zlib,crc32.c,crc32_combine_op,CRC32_poly_Constant
clang-x64,O3,bearssl,src/hash/md5.c,br_md5_round,MD5_Constants
clang-x64,O3,bearssl,src/hash/md5.c,br_md5_init,MD5_Constants
clang-x64,Os,bearssl,src/hash/md5.c,br_md5_init,MD5_Constants
clang-a64,Os,bearssl,src/hash/md5.c,br_md5_round,MD5_Constants
clang-a64,Os,bearssl,src/hash/md5.c,br_md5_init,MD5_Constants
clang-arm32,O3,bearssl,src/hash/md5.c,br_md5_round,MD5_Constants
clang-arm32,O3,bearssl,src/hash/md5.c,br_md5_init,MD5_Constants
clang-arm32,Os,bearssl,src/hash/md5.c,br_md5_round,MD5_Constants
clang-arm32,Os,bearssl,src/hash/md5.c,br_md5_init,MD5_Constants
clang-x64,O3,bearssl,src/hash/sha1.c,br_sha1_init,RIPEMD160_Constants|SHA1_Constants
clang-x64,O3,bearssl,src/hash/sha1.c,br_sha1_round,SHA1_Constants
clang-x64,Os,bearssl,src/hash/sha1.c,br_sha1_init,RIPEMD160_Constants|SHA1_Constants
clang-x64,Os,bearssl,src/hash/sha1.c,br_sha1_round,SHA1_Constants
clang-a64,O3,bearssl,src/hash/sha1.c,br_sha1_init,RIPEMD160_Constants|SHA1_Constants
clang-a64,Os,bearssl,src/hash/sha1.c,br_sha1_init,RIPEMD160_Constants|SHA1_Constants
clang-arm32,O3,bearssl,src/hash/sha1.c,br_sha1_init,RIPEMD160_Constants|SHA1_Constants
clang-arm32,Os,bearssl,src/hash/sha1.c,br_sha1_init,RIPEMD160_Constants|SHA1_Constants
clang-x64,O3,bearssl,src/hash/sha2big.c,br_sha384_init,SHA256_Constants
clang-x64,O3,bearssl,src/hash/sha2big.c,br_sha512_init,SHA256_Constants
clang-x64,Os,bearssl,src/hash/sha2big.c,br_sha384_init,SHA256_Constants
clang-x64,Os,bearssl,src/hash/sha2big.c,br_sha512_init,SHA256_Constants
clang-a64,O3,bearssl,src/hash/sha2big.c,br_sha384_init,SHA256_Constants
clang-a64,O3,bearssl,src/hash/sha2big.c,br_sha512_init,SHA256_Constants
clang-a64,O3,bearssl,src/hash/sha2big.c,sha2big_round,SHA512_Constants
clang-a64,Os,bearssl,src/hash/sha2big.c,br_sha384_init,SHA256_Constants
clang-a64,Os,bearssl,src/hash/sha2big.c,br_sha512_init,SHA256_Constants
clang-a64,Os,bearssl,src/hash/sha2big.c,sha2big_round,SHA512_Constants
clang-arm32,O3,bearssl,src/hash/sha2big.c,br_sha512_init,SHA256_Constants
clang-arm32,O3,bearssl,src/hash/sha2big.c,sha2big_round,SHA256_Constants|SHA512_Constants
clang-arm32,Os,bearssl,src/hash/sha2big.c,br_sha512_init,SHA256_Constants
clang-arm32,Os,bearssl,src/hash/sha2big.c,sha2big_round,SHA256_Constants|SHA512_Constants
clang-x64,O3,bearssl,src/hash/sha2small.c,br_sha256_init,SHA256_Constants
clang-x64,Os,bearssl,src/hash/sha2small.c,br_sha256_init,SHA256_Constants
clang-a64,O3,bearssl,src/hash/sha2small.c,br_sha256_init,SHA256_Constants
clang-a64,Os,bearssl,src/hash/sha2small.c,br_sha256_init,SHA256_Constants
clang-arm32,O3,bearssl,src/hash/sha2small.c,br_sha2small_round,SHA256_Constants
clang-arm32,O3,bearssl,src/hash/sha2small.c,br_sha256_init,SHA256_Constants
clang-arm32,Os,bearssl,src/hash/sha2small.c,br_sha2small_round,SHA256_Constants
clang-arm32,Os,bearssl,src/hash/sha2small.c,br_sha256_init,SHA256_Constants
clang-x64,O3,bearssl,src/symcipher/aes_big_dec.c,br_aes_big_decrypt,RijnDael_AES_LONG_inv
clang-x64,Os,bearssl,src/symcipher/aes_big_dec.c,br_aes_big_decrypt,RijnDael_AES_LONG_inv
clang-a64,O3,bearssl,src/symcipher/aes_big_dec.c,br_aes_big_decrypt,RijnDael_AES_LONG_inv
clang-a64,Os,bearssl,src/symcipher/aes_big_dec.c,br_aes_big_decrypt,RijnDael_AES_LONG_inv
clang-arm32,O3,bearssl,src/symcipher/aes_big_dec.c,br_aes_big_decrypt,RijnDael_AES_LONG_inv
clang-arm32,Os,bearssl,src/symcipher/aes_big_dec.c,br_aes_big_decrypt,RijnDael_AES_LONG_inv
clang-x64,O3,bearssl,src/symcipher/aes_big_enc.c,br_aes_big_encrypt,RijnDael_AES
clang-x64,Os,bearssl,src/symcipher/aes_big_enc.c,br_aes_big_encrypt,RijnDael_AES
clang-a64,O3,bearssl,src/symcipher/aes_big_enc.c,br_aes_big_encrypt,RijnDael_AES
clang-a64,Os,bearssl,src/symcipher/aes_big_enc.c,br_aes_big_encrypt,RijnDael_AES
clang-arm32,O3,bearssl,src/symcipher/aes_big_enc.c,br_aes_big_encrypt,RijnDael_AES
clang-arm32,Os,bearssl,src/symcipher/aes_big_enc.c,br_aes_big_encrypt,RijnDael_AES
clang-x64,O3,bearssl,src/symcipher/aes_common.c,br_aes_keysched,RijnDael_AES_CHAR|RijnDael_AES_LONG
clang-x64,Os,bearssl,src/symcipher/aes_common.c,br_aes_keysched,RijnDael_AES_CHAR|RijnDael_AES_LONG
clang-a64,O3,bearssl,src/symcipher/aes_common.c,br_aes_keysched,RijnDael_AES_CHAR|RijnDael_AES_LONG
clang-a64,Os,bearssl,src/symcipher/aes_common.c,br_aes_keysched,RijnDael_AES_CHAR|RijnDael_AES_LONG
clang-arm32,O3,bearssl,src/symcipher/aes_common.c,br_aes_keysched,RijnDael_AES_CHAR|RijnDael_AES_LONG
clang-arm32,Os,bearssl,src/symcipher/aes_common.c,br_aes_keysched,RijnDael_AES_CHAR|RijnDael_AES_LONG
clang-x64,O3,bearssl,src/symcipher/aes_small_dec.c,br_aes_small_decrypt,RijnDael_AES_LONG_inv
clang-x64,Os,bearssl,src/symcipher/aes_small_dec.c,br_aes_small_decrypt,RijnDael_AES_LONG_inv
clang-a64,O3,bearssl,src/symcipher/aes_small_dec.c,br_aes_small_decrypt,RijnDael_AES_LONG_inv
clang-a64,Os,bearssl,src/symcipher/aes_small_dec.c,br_aes_small_decrypt,RijnDael_AES_LONG_inv
clang-arm32,O3,bearssl,src/symcipher/aes_small_dec.c,br_aes_small_decrypt,RijnDael_AES_LONG_inv
clang-arm32,Os,bearssl,src/symcipher/aes_small_dec.c,br_aes_small_decrypt,RijnDael_AES_LONG_inv
clang-x64,Os,bearssl,src/symcipher/chacha20_ct.c,br_chacha20_ct_run,salsa20
clang-a64,Os,bearssl,src/symcipher/chacha20_ct.c,br_chacha20_ct_run,salsa20
clang-arm32,Os,bearssl,src/symcipher/chacha20_ct.c,br_chacha20_ct_run,salsa20
clang-x64,O3,bearssl,src/symcipher/chacha20_sse2.c,br_chacha20_sse2_run,salsa20
clang-x64,Os,bearssl,src/symcipher/chacha20_sse2.c,br_chacha20_sse2_run,salsa20
clang-x64,O3,tweetnacl,tweetnacl.c,crypto_stream_salsa20_tweet_xor,salsa20
clang-x64,O3,tweetnacl,tweetnacl.c,crypto_stream_xsalsa20_tweet,salsa20
clang-x64,O3,tweetnacl,tweetnacl.c,crypto_stream_xsalsa20_tweet_xor,salsa20
clang-x64,O3,tweetnacl,tweetnacl.c,crypto_onetimeauth_poly1305_tweet,salsa20
clang-x64,O3,tweetnacl,tweetnacl.c,crypto_secretbox_xsalsa20poly1305_tweet,salsa20
clang-x64,O3,tweetnacl,tweetnacl.c,crypto_secretbox_xsalsa20poly1305_tweet_open,salsa20
clang-x64,O3,tweetnacl,tweetnacl.c,crypto_scalarmult_curve25519_tweet,SHA256_Constants
clang-x64,O3,tweetnacl,tweetnacl.c,crypto_box_curve25519xsalsa20poly1305_tweet_beforenm,salsa20
clang-x64,O3,tweetnacl,tweetnacl.c,crypto_box_curve25519xsalsa20poly1305_tweet_afternm,salsa20
clang-x64,O3,tweetnacl,tweetnacl.c,crypto_box_curve25519xsalsa20poly1305_tweet,salsa20
clang-x64,O3,tweetnacl,tweetnacl.c,crypto_box_curve25519xsalsa20poly1305_tweet_open,salsa20
clang-x64,O3,tweetnacl,tweetnacl.c,crypto_hashblocks_sha512_tweet,SHA512_Constants
clang-x64,O3,tweetnacl,tweetnacl.c,crypto_hash_sha512_tweet,SHA256_Constants
clang-x64,O3,tweetnacl,tweetnacl.c,crypto_sign_ed25519_tweet_keypair,SHA256_Constants
clang-x64,O3,tweetnacl,tweetnacl.c,crypto_sign_ed25519_tweet,SHA256_Constants
clang-x64,Os,tweetnacl,tweetnacl.c,crypto_stream_salsa20_tweet_xor,salsa20
clang-x64,Os,tweetnacl,tweetnacl.c,crypto_stream_xsalsa20_tweet,salsa20
clang-x64,Os,tweetnacl,tweetnacl.c,crypto_stream_xsalsa20_tweet_xor,salsa20
clang-x64,Os,tweetnacl,tweetnacl.c,crypto_onetimeauth_poly1305_tweet,salsa20
clang-x64,Os,tweetnacl,tweetnacl.c,crypto_secretbox_xsalsa20poly1305_tweet,salsa20
clang-x64,Os,tweetnacl,tweetnacl.c,crypto_secretbox_xsalsa20poly1305_tweet_open,salsa20
clang-x64,Os,tweetnacl,tweetnacl.c,crypto_scalarmult_curve25519_tweet,SHA256_Constants
clang-x64,Os,tweetnacl,tweetnacl.c,crypto_box_curve25519xsalsa20poly1305_tweet_beforenm,salsa20
clang-x64,Os,tweetnacl,tweetnacl.c,crypto_box_curve25519xsalsa20poly1305_tweet,salsa20
clang-x64,Os,tweetnacl,tweetnacl.c,crypto_box_curve25519xsalsa20poly1305_tweet_open,salsa20
clang-x64,Os,tweetnacl,tweetnacl.c,crypto_hashblocks_sha512_tweet,SHA512_Constants
clang-x64,Os,tweetnacl,tweetnacl.c,crypto_hash_sha512_tweet,SHA256_Constants
clang-a64,O3,tweetnacl,tweetnacl.c,crypto_stream_salsa20_tweet_xor,salsa20
clang-a64,O3,tweetnacl,tweetnacl.c,crypto_stream_xsalsa20_tweet,salsa20
clang-a64,O3,tweetnacl,tweetnacl.c,crypto_stream_xsalsa20_tweet_xor,salsa20
clang-a64,O3,tweetnacl,tweetnacl.c,crypto_onetimeauth_poly1305_tweet,salsa20
clang-a64,O3,tweetnacl,tweetnacl.c,crypto_secretbox_xsalsa20poly1305_tweet,salsa20
clang-a64,O3,tweetnacl,tweetnacl.c,crypto_secretbox_xsalsa20poly1305_tweet_open,salsa20
clang-a64,O3,tweetnacl,tweetnacl.c,crypto_scalarmult_curve25519_tweet,SHA256_Constants
clang-a64,O3,tweetnacl,tweetnacl.c,crypto_box_curve25519xsalsa20poly1305_tweet_beforenm,salsa20
clang-a64,O3,tweetnacl,tweetnacl.c,crypto_box_curve25519xsalsa20poly1305_tweet_afternm,salsa20
clang-a64,O3,tweetnacl,tweetnacl.c,crypto_box_curve25519xsalsa20poly1305_tweet,salsa20
clang-a64,O3,tweetnacl,tweetnacl.c,crypto_box_curve25519xsalsa20poly1305_tweet_open,salsa20
clang-a64,O3,tweetnacl,tweetnacl.c,crypto_hashblocks_sha512_tweet,SHA512_Constants
clang-a64,O3,tweetnacl,tweetnacl.c,crypto_hash_sha512_tweet,SHA256_Constants
clang-a64,O3,tweetnacl,tweetnacl.c,crypto_sign_ed25519_tweet_keypair,SHA256_Constants
clang-a64,O3,tweetnacl,tweetnacl.c,crypto_sign_ed25519_tweet,SHA256_Constants
clang-a64,Os,tweetnacl,tweetnacl.c,crypto_stream_salsa20_tweet_xor,salsa20
clang-a64,Os,tweetnacl,tweetnacl.c,crypto_stream_xsalsa20_tweet,salsa20
clang-a64,Os,tweetnacl,tweetnacl.c,crypto_stream_xsalsa20_tweet_xor,salsa20
clang-a64,Os,tweetnacl,tweetnacl.c,crypto_onetimeauth_poly1305_tweet,salsa20
clang-a64,Os,tweetnacl,tweetnacl.c,crypto_secretbox_xsalsa20poly1305_tweet,salsa20
clang-a64,Os,tweetnacl,tweetnacl.c,crypto_secretbox_xsalsa20poly1305_tweet_open,salsa20
clang-a64,Os,tweetnacl,tweetnacl.c,crypto_scalarmult_curve25519_tweet,SHA256_Constants
clang-a64,Os,tweetnacl,tweetnacl.c,crypto_box_curve25519xsalsa20poly1305_tweet_beforenm,salsa20
clang-a64,Os,tweetnacl,tweetnacl.c,crypto_box_curve25519xsalsa20poly1305_tweet,salsa20
clang-a64,Os,tweetnacl,tweetnacl.c,crypto_box_curve25519xsalsa20poly1305_tweet_open,salsa20
clang-a64,Os,tweetnacl,tweetnacl.c,crypto_hashblocks_sha512_tweet,SHA512_Constants
clang-a64,Os,tweetnacl,tweetnacl.c,crypto_hash_sha512_tweet,SHA256_Constants
clang-arm32,O3,tweetnacl,tweetnacl.c,crypto_stream_salsa20_tweet_xor,salsa20
clang-arm32,O3,tweetnacl,tweetnacl.c,crypto_stream_xsalsa20_tweet,salsa20
clang-arm32,O3,tweetnacl,tweetnacl.c,crypto_stream_xsalsa20_tweet_xor,salsa20
clang-arm32,O3,tweetnacl,tweetnacl.c,crypto_onetimeauth_poly1305_tweet,salsa20
clang-arm32,O3,tweetnacl,tweetnacl.c,crypto_secretbox_xsalsa20poly1305_tweet,salsa20
clang-arm32,O3,tweetnacl,tweetnacl.c,crypto_secretbox_xsalsa20poly1305_tweet_open,salsa20
clang-arm32,O3,tweetnacl,tweetnacl.c,crypto_scalarmult_curve25519_tweet,SHA256_Constants
clang-arm32,O3,tweetnacl,tweetnacl.c,crypto_box_curve25519xsalsa20poly1305_tweet_beforenm,salsa20
clang-arm32,O3,tweetnacl,tweetnacl.c,crypto_box_curve25519xsalsa20poly1305_tweet_afternm,salsa20
clang-arm32,O3,tweetnacl,tweetnacl.c,crypto_box_curve25519xsalsa20poly1305_tweet,salsa20
clang-arm32,O3,tweetnacl,tweetnacl.c,crypto_box_curve25519xsalsa20poly1305_tweet_open,salsa20
clang-arm32,O3,tweetnacl,tweetnacl.c,crypto_hashblocks_sha512_tweet,SHA512_Constants
clang-arm32,O3,tweetnacl,tweetnacl.c,crypto_hash_sha512_tweet,SHA256_Constants
clang-arm32,O3,tweetnacl,tweetnacl.c,crypto_sign_ed25519_tweet_keypair,SHA256_Constants
clang-arm32,O3,tweetnacl,tweetnacl.c,crypto_sign_ed25519_tweet,SHA256_Constants
clang-arm32,Os,tweetnacl,tweetnacl.c,crypto_stream_salsa20_tweet_xor,salsa20
clang-arm32,Os,tweetnacl,tweetnacl.c,crypto_stream_xsalsa20_tweet,salsa20
clang-arm32,Os,tweetnacl,tweetnacl.c,crypto_stream_xsalsa20_tweet_xor,salsa20
clang-arm32,Os,tweetnacl,tweetnacl.c,crypto_onetimeauth_poly1305_tweet,salsa20
clang-arm32,Os,tweetnacl,tweetnacl.c,crypto_secretbox_xsalsa20poly1305_tweet,salsa20
clang-arm32,Os,tweetnacl,tweetnacl.c,crypto_secretbox_xsalsa20poly1305_tweet_open,salsa20
clang-arm32,Os,tweetnacl,tweetnacl.c,crypto_scalarmult_curve25519_tweet,SHA256_Constants
clang-arm32,Os,tweetnacl,tweetnacl.c,crypto_box_curve25519xsalsa20poly1305_tweet_beforenm,salsa20
clang-arm32,Os,tweetnacl,tweetnacl.c,crypto_box_curve25519xsalsa20poly1305_tweet,salsa20
clang-arm32,Os,tweetnacl,tweetnacl.c,crypto_box_curve25519xsalsa20poly1305_tweet_open,salsa20
clang-arm32,Os,tweetnacl,tweetnacl.c,crypto_hashblocks_sha512_tweet,SHA512_Constants
clang-arm32,Os,tweetnacl,tweetnacl.c,crypto_hash_sha512_tweet,SHA256_Constants
clang-x64,O0,libsodium,src/libsodium/crypto_generichash/blake2b/ref/blake2b-compress-ref.c,blake2b_compress_ref,SHA256_Constants
clang-x64,O2,libsodium,src/libsodium/crypto_generichash/blake2b/ref/blake2b-compress-ref.c,blake2b_compress_ref,SHA256_Constants
clang-x64,O3,libsodium,src/libsodium/crypto_generichash/blake2b/ref/blake2b-compress-ref.c,blake2b_compress_ref,SHA256_Constants
clang-x64,Os,libsodium,src/libsodium/crypto_generichash/blake2b/ref/blake2b-compress-ref.c,blake2b_compress_ref,SHA256_Constants
clang-a64,O0,libsodium,src/libsodium/crypto_generichash/blake2b/ref/blake2b-compress-ref.c,blake2b_compress_ref,SHA256_Constants
clang-arm32,O0,libsodium,src/libsodium/crypto_generichash/blake2b/ref/blake2b-compress-ref.c,blake2b_compress_ref,SHA256_Constants
clang-x64,O0,libsodium,src/libsodium/crypto_generichash/blake2b/ref/blake2b-ref.c,blake2b_init0,SHA256_Constants
clang-x64,O2,libsodium,src/libsodium/crypto_generichash/blake2b/ref/blake2b-ref.c,blake2b_init_param,SHA256_Constants
clang-x64,O2,libsodium,src/libsodium/crypto_generichash/blake2b/ref/blake2b-ref.c,blake2b_init,SHA256_Constants
clang-x64,O2,libsodium,src/libsodium/crypto_generichash/blake2b/ref/blake2b-ref.c,blake2b_init_salt_personal,SHA256_Constants
clang-x64,O2,libsodium,src/libsodium/crypto_generichash/blake2b/ref/blake2b-ref.c,blake2b_init_key,SHA256_Constants
clang-x64,O2,libsodium,src/libsodium/crypto_generichash/blake2b/ref/blake2b-ref.c,blake2b_init_key_salt_personal,SHA256_Constants
clang-x64,O2,libsodium,src/libsodium/crypto_generichash/blake2b/ref/blake2b-ref.c,blake2b,SHA256_Constants
clang-x64,O2,libsodium,src/libsodium/crypto_generichash/blake2b/ref/blake2b-ref.c,blake2b_salt_personal,SHA256_Constants
clang-x64,O3,libsodium,src/libsodium/crypto_generichash/blake2b/ref/blake2b-ref.c,blake2b_init_param,SHA256_Constants
clang-x64,O3,libsodium,src/libsodium/crypto_generichash/blake2b/ref/blake2b-ref.c,blake2b_init,SHA256_Constants
clang-x64,O3,libsodium,src/libsodium/crypto_generichash/blake2b/ref/blake2b-ref.c,blake2b_init_salt_personal,SHA256_Constants
clang-x64,O3,libsodium,src/libsodium/crypto_generichash/blake2b/ref/blake2b-ref.c,blake2b_init_key,SHA256_Constants
clang-x64,O3,libsodium,src/libsodium/crypto_generichash/blake2b/ref/blake2b-ref.c,blake2b_init_key_salt_personal,SHA256_Constants
clang-x64,O3,libsodium,src/libsodium/crypto_generichash/blake2b/ref/blake2b-ref.c,blake2b,SHA256_Constants
clang-x64,O3,libsodium,src/libsodium/crypto_generichash/blake2b/ref/blake2b-ref.c,blake2b_salt_personal,SHA256_Constants
clang-x64,Os,libsodium,src/libsodium/crypto_generichash/blake2b/ref/blake2b-ref.c,blake2b_init_param,SHA256_Constants
clang-x64,Os,libsodium,src/libsodium/crypto_generichash/blake2b/ref/blake2b-ref.c,blake2b_init,SHA256_Constants
clang-x64,Os,libsodium,src/libsodium/crypto_generichash/blake2b/ref/blake2b-ref.c,blake2b_init_salt_personal,SHA256_Constants
clang-x64,Os,libsodium,src/libsodium/crypto_generichash/blake2b/ref/blake2b-ref.c,blake2b_init_key,SHA256_Constants
clang-x64,Os,libsodium,src/libsodium/crypto_generichash/blake2b/ref/blake2b-ref.c,blake2b_init_key_salt_personal,SHA256_Constants
clang-a64,O0,libsodium,src/libsodium/crypto_generichash/blake2b/ref/blake2b-ref.c,blake2b_init0,SHA256_Constants
clang-a64,O2,libsodium,src/libsodium/crypto_generichash/blake2b/ref/blake2b-ref.c,blake2b_init_param,SHA256_Constants
clang-a64,O2,libsodium,src/libsodium/crypto_generichash/blake2b/ref/blake2b-ref.c,blake2b_init,SHA256_Constants
clang-a64,O2,libsodium,src/libsodium/crypto_generichash/blake2b/ref/blake2b-ref.c,blake2b_init_salt_personal,SHA256_Constants
clang-a64,O2,libsodium,src/libsodium/crypto_generichash/blake2b/ref/blake2b-ref.c,blake2b_init_key,SHA256_Constants
clang-a64,O2,libsodium,src/libsodium/crypto_generichash/blake2b/ref/blake2b-ref.c,blake2b_init_key_salt_personal,SHA256_Constants
clang-a64,O2,libsodium,src/libsodium/crypto_generichash/blake2b/ref/blake2b-ref.c,blake2b,SHA256_Constants
clang-a64,O2,libsodium,src/libsodium/crypto_generichash/blake2b/ref/blake2b-ref.c,blake2b_salt_personal,SHA256_Constants
clang-a64,O3,libsodium,src/libsodium/crypto_generichash/blake2b/ref/blake2b-ref.c,blake2b_init_param,SHA256_Constants
clang-a64,O3,libsodium,src/libsodium/crypto_generichash/blake2b/ref/blake2b-ref.c,blake2b_init,SHA256_Constants
clang-a64,O3,libsodium,src/libsodium/crypto_generichash/blake2b/ref/blake2b-ref.c,blake2b_init_salt_personal,SHA256_Constants
clang-a64,O3,libsodium,src/libsodium/crypto_generichash/blake2b/ref/blake2b-ref.c,blake2b_init_key,SHA256_Constants
clang-a64,O3,libsodium,src/libsodium/crypto_generichash/blake2b/ref/blake2b-ref.c,blake2b_init_key_salt_personal,SHA256_Constants
clang-a64,O3,libsodium,src/libsodium/crypto_generichash/blake2b/ref/blake2b-ref.c,blake2b,SHA256_Constants
clang-a64,O3,libsodium,src/libsodium/crypto_generichash/blake2b/ref/blake2b-ref.c,blake2b_salt_personal,SHA256_Constants
clang-a64,Os,libsodium,src/libsodium/crypto_generichash/blake2b/ref/blake2b-ref.c,blake2b_init_param,SHA256_Constants
clang-a64,Os,libsodium,src/libsodium/crypto_generichash/blake2b/ref/blake2b-ref.c,blake2b_init,SHA256_Constants
clang-a64,Os,libsodium,src/libsodium/crypto_generichash/blake2b/ref/blake2b-ref.c,blake2b_init_salt_personal,SHA256_Constants
clang-a64,Os,libsodium,src/libsodium/crypto_generichash/blake2b/ref/blake2b-ref.c,blake2b_init_key,SHA256_Constants
clang-a64,Os,libsodium,src/libsodium/crypto_generichash/blake2b/ref/blake2b-ref.c,blake2b_init_key_salt_personal,SHA256_Constants
clang-arm32,O0,libsodium,src/libsodium/crypto_generichash/blake2b/ref/blake2b-ref.c,blake2b_init0,SHA256_Constants
clang-arm32,O2,libsodium,src/libsodium/crypto_generichash/blake2b/ref/blake2b-ref.c,blake2b_init_param,SHA256_Constants
clang-arm32,O3,libsodium,src/libsodium/crypto_generichash/blake2b/ref/blake2b-ref.c,blake2b_init_param,SHA256_Constants
clang-arm32,Os,libsodium,src/libsodium/crypto_generichash/blake2b/ref/blake2b-ref.c,blake2b_init_param,SHA256_Constants
clang-x64,O0,libsodium,src/libsodium/crypto_hash/sha256/cp/hash_sha256_cp.c,crypto_hash_sha256_init,SHA256_Constants
clang-x64,O0,libsodium,src/libsodium/crypto_hash/sha256/cp/hash_sha256_cp.c,SHA256_Transform,SHA256_Constants
clang-x64,O2,libsodium,src/libsodium/crypto_hash/sha256/cp/hash_sha256_cp.c,crypto_hash_sha256_init,SHA256_Constants
clang-x64,O2,libsodium,src/libsodium/crypto_hash/sha256/cp/hash_sha256_cp.c,crypto_hash_sha256,SHA256_Constants
clang-x64,O3,libsodium,src/libsodium/crypto_hash/sha256/cp/hash_sha256_cp.c,crypto_hash_sha256_init,SHA256_Constants
clang-x64,O3,libsodium,src/libsodium/crypto_hash/sha256/cp/hash_sha256_cp.c,crypto_hash_sha256,SHA256_Constants
clang-x64,Os,libsodium,src/libsodium/crypto_hash/sha256/cp/hash_sha256_cp.c,crypto_hash_sha256_init,SHA256_Constants
clang-x64,Os,libsodium,src/libsodium/crypto_hash/sha256/cp/hash_sha256_cp.c,crypto_hash_sha256,SHA256_Constants
clang-a64,O0,libsodium,src/libsodium/crypto_hash/sha256/cp/hash_sha256_cp.c,crypto_hash_sha256_init,SHA256_Constants
clang-a64,O0,libsodium,src/libsodium/crypto_hash/sha256/cp/hash_sha256_cp.c,SHA256_Transform,SHA256_Constants
clang-a64,O2,libsodium,src/libsodium/crypto_hash/sha256/cp/hash_sha256_cp.c,crypto_hash_sha256_init,SHA256_Constants
clang-a64,O2,libsodium,src/libsodium/crypto_hash/sha256/cp/hash_sha256_cp.c,crypto_hash_sha256,SHA256_Constants
clang-a64,O3,libsodium,src/libsodium/crypto_hash/sha256/cp/hash_sha256_cp.c,crypto_hash_sha256_init,SHA256_Constants
clang-a64,O3,libsodium,src/libsodium/crypto_hash/sha256/cp/hash_sha256_cp.c,crypto_hash_sha256,SHA256_Constants
clang-a64,Os,libsodium,src/libsodium/crypto_hash/sha256/cp/hash_sha256_cp.c,crypto_hash_sha256_init,SHA256_Constants
clang-a64,Os,libsodium,src/libsodium/crypto_hash/sha256/cp/hash_sha256_cp.c,crypto_hash_sha256,SHA256_Constants
clang-arm32,O0,libsodium,src/libsodium/crypto_hash/sha256/cp/hash_sha256_cp.c,crypto_hash_sha256_init,SHA256_Constants
clang-arm32,O0,libsodium,src/libsodium/crypto_hash/sha256/cp/hash_sha256_cp.c,SHA256_Transform,SHA256_Constants
clang-arm32,O2,libsodium,src/libsodium/crypto_hash/sha256/cp/hash_sha256_cp.c,crypto_hash_sha256_init,SHA256_Constants
clang-arm32,O2,libsodium,src/libsodium/crypto_hash/sha256/cp/hash_sha256_cp.c,crypto_hash_sha256,SHA256_Constants
clang-arm32,O3,libsodium,src/libsodium/crypto_hash/sha256/cp/hash_sha256_cp.c,crypto_hash_sha256_init,SHA256_Constants
clang-arm32,O3,libsodium,src/libsodium/crypto_hash/sha256/cp/hash_sha256_cp.c,crypto_hash_sha256,SHA256_Constants
clang-arm32,Os,libsodium,src/libsodium/crypto_hash/sha256/cp/hash_sha256_cp.c,crypto_hash_sha256_init,SHA256_Constants
clang-arm32,Os,libsodium,src/libsodium/crypto_hash/sha256/cp/hash_sha256_cp.c,crypto_hash_sha256,SHA256_Constants
clang-x64,O0,libsodium,src/libsodium/crypto_hash/sha512/cp/hash_sha512_cp.c,crypto_hash_sha512_init,SHA256_Constants
clang-x64,O0,libsodium,src/libsodium/crypto_hash/sha512/cp/hash_sha512_cp.c,SHA512_Transform,SHA256_Constants|SHA512_Constants
clang-x64,O2,libsodium,src/libsodium/crypto_hash/sha512/cp/hash_sha512_cp.c,crypto_hash_sha512_init,SHA256_Constants
clang-x64,O2,libsodium,src/libsodium/crypto_hash/sha512/cp/hash_sha512_cp.c,SHA512_Transform,SHA256_Constants|SHA512_Constants
clang-x64,O2,libsodium,src/libsodium/crypto_hash/sha512/cp/hash_sha512_cp.c,crypto_hash_sha512,SHA256_Constants
clang-x64,O3,libsodium,src/libsodium/crypto_hash/sha512/cp/hash_sha512_cp.c,crypto_hash_sha512_init,SHA256_Constants
clang-x64,O3,libsodium,src/libsodium/crypto_hash/sha512/cp/hash_sha512_cp.c,SHA512_Transform,SHA256_Constants|SHA512_Constants
clang-x64,O3,libsodium,src/libsodium/crypto_hash/sha512/cp/hash_sha512_cp.c,crypto_hash_sha512,SHA256_Constants
clang-x64,Os,libsodium,src/libsodium/crypto_hash/sha512/cp/hash_sha512_cp.c,crypto_hash_sha512_init,SHA256_Constants
clang-x64,Os,libsodium,src/libsodium/crypto_hash/sha512/cp/hash_sha512_cp.c,SHA512_Transform,SHA256_Constants|SHA512_Constants
clang-x64,Os,libsodium,src/libsodium/crypto_hash/sha512/cp/hash_sha512_cp.c,crypto_hash_sha512,SHA256_Constants
clang-a64,O0,libsodium,src/libsodium/crypto_hash/sha512/cp/hash_sha512_cp.c,crypto_hash_sha512_init,SHA256_Constants
clang-a64,O0,libsodium,src/libsodium/crypto_hash/sha512/cp/hash_sha512_cp.c,SHA512_Transform,SHA256_Constants|SHA512_Constants
clang-a64,O2,libsodium,src/libsodium/crypto_hash/sha512/cp/hash_sha512_cp.c,crypto_hash_sha512_init,SHA256_Constants
clang-a64,O2,libsodium,src/libsodium/crypto_hash/sha512/cp/hash_sha512_cp.c,crypto_hash_sha512,SHA256_Constants
clang-a64,O3,libsodium,src/libsodium/crypto_hash/sha512/cp/hash_sha512_cp.c,crypto_hash_sha512_init,SHA256_Constants
clang-a64,O3,libsodium,src/libsodium/crypto_hash/sha512/cp/hash_sha512_cp.c,crypto_hash_sha512,SHA256_Constants
clang-a64,Os,libsodium,src/libsodium/crypto_hash/sha512/cp/hash_sha512_cp.c,crypto_hash_sha512_init,SHA256_Constants
clang-a64,Os,libsodium,src/libsodium/crypto_hash/sha512/cp/hash_sha512_cp.c,crypto_hash_sha512,SHA256_Constants
clang-arm32,O0,libsodium,src/libsodium/crypto_hash/sha512/cp/hash_sha512_cp.c,crypto_hash_sha512_init,SHA256_Constants
clang-arm32,O0,libsodium,src/libsodium/crypto_hash/sha512/cp/hash_sha512_cp.c,SHA512_Transform,SHA256_Constants|SHA512_Constants
clang-arm32,O2,libsodium,src/libsodium/crypto_hash/sha512/cp/hash_sha512_cp.c,crypto_hash_sha512_init,SHA256_Constants
clang-arm32,O2,libsodium,src/libsodium/crypto_hash/sha512/cp/hash_sha512_cp.c,SHA512_Transform,SHA256_Constants|SHA512_Constants
clang-arm32,O2,libsodium,src/libsodium/crypto_hash/sha512/cp/hash_sha512_cp.c,crypto_hash_sha512,SHA256_Constants
clang-arm32,O3,libsodium,src/libsodium/crypto_hash/sha512/cp/hash_sha512_cp.c,crypto_hash_sha512_init,SHA256_Constants
clang-arm32,O3,libsodium,src/libsodium/crypto_hash/sha512/cp/hash_sha512_cp.c,SHA512_Transform,SHA256_Constants|SHA512_Constants
clang-arm32,O3,libsodium,src/libsodium/crypto_hash/sha512/cp/hash_sha512_cp.c,crypto_hash_sha512,SHA256_Constants
clang-arm32,Os,libsodium,src/libsodium/crypto_hash/sha512/cp/hash_sha512_cp.c,crypto_hash_sha512_init,SHA256_Constants
clang-arm32,Os,libsodium,src/libsodium/crypto_hash/sha512/cp/hash_sha512_cp.c,SHA512_Transform,SHA256_Constants|SHA512_Constants
clang-arm32,Os,libsodium,src/libsodium/crypto_hash/sha512/cp/hash_sha512_cp.c,crypto_hash_sha512,SHA256_Constants
clang-x64,O2,libsodium,src/libsodium/crypto_stream/chacha20/ref/chacha20_ref.c,stream_ref,salsa20
clang-x64,O2,libsodium,src/libsodium/crypto_stream/chacha20/ref/chacha20_ref.c,stream_ietf_ext_ref,salsa20
clang-x64,O2,libsodium,src/libsodium/crypto_stream/chacha20/ref/chacha20_ref.c,stream_ref_xor_ic,salsa20
clang-x64,O2,libsodium,src/libsodium/crypto_stream/chacha20/ref/chacha20_ref.c,stream_ietf_ext_ref_xor_ic,salsa20
clang-x64,O3,libsodium,src/libsodium/crypto_stream/chacha20/ref/chacha20_ref.c,stream_ref,salsa20
clang-x64,O3,libsodium,src/libsodium/crypto_stream/chacha20/ref/chacha20_ref.c,stream_ietf_ext_ref,salsa20
clang-x64,O3,libsodium,src/libsodium/crypto_stream/chacha20/ref/chacha20_ref.c,stream_ref_xor_ic,salsa20
clang-x64,O3,libsodium,src/libsodium/crypto_stream/chacha20/ref/chacha20_ref.c,stream_ietf_ext_ref_xor_ic,salsa20
clang-x64,Os,libsodium,src/libsodium/crypto_stream/chacha20/ref/chacha20_ref.c,stream_ref,salsa20
clang-x64,Os,libsodium,src/libsodium/crypto_stream/chacha20/ref/chacha20_ref.c,stream_ietf_ext_ref,salsa20
clang-x64,Os,libsodium,src/libsodium/crypto_stream/chacha20/ref/chacha20_ref.c,stream_ref_xor_ic,salsa20
clang-x64,Os,libsodium,src/libsodium/crypto_stream/chacha20/ref/chacha20_ref.c,stream_ietf_ext_ref_xor_ic,salsa20
clang-a64,O2,libsodium,src/libsodium/crypto_stream/chacha20/ref/chacha20_ref.c,stream_ref,salsa20
clang-a64,O2,libsodium,src/libsodium/crypto_stream/chacha20/ref/chacha20_ref.c,stream_ietf_ext_ref,salsa20
clang-a64,O2,libsodium,src/libsodium/crypto_stream/chacha20/ref/chacha20_ref.c,stream_ref_xor_ic,salsa20
clang-a64,O2,libsodium,src/libsodium/crypto_stream/chacha20/ref/chacha20_ref.c,stream_ietf_ext_ref_xor_ic,salsa20
clang-a64,O3,libsodium,src/libsodium/crypto_stream/chacha20/ref/chacha20_ref.c,stream_ref,salsa20
clang-a64,O3,libsodium,src/libsodium/crypto_stream/chacha20/ref/chacha20_ref.c,stream_ietf_ext_ref,salsa20
clang-a64,O3,libsodium,src/libsodium/crypto_stream/chacha20/ref/chacha20_ref.c,stream_ref_xor_ic,salsa20
clang-a64,O3,libsodium,src/libsodium/crypto_stream/chacha20/ref/chacha20_ref.c,stream_ietf_ext_ref_xor_ic,salsa20
clang-a64,Os,libsodium,src/libsodium/crypto_stream/chacha20/ref/chacha20_ref.c,stream_ref,salsa20
clang-a64,Os,libsodium,src/libsodium/crypto_stream/chacha20/ref/chacha20_ref.c,stream_ietf_ext_ref,salsa20
clang-a64,Os,libsodium,src/libsodium/crypto_stream/chacha20/ref/chacha20_ref.c,stream_ref_xor_ic,salsa20
clang-a64,Os,libsodium,src/libsodium/crypto_stream/chacha20/ref/chacha20_ref.c,stream_ietf_ext_ref_xor_ic,salsa20
clang-arm32,O2,libsodium,src/libsodium/crypto_stream/chacha20/ref/chacha20_ref.c,stream_ref,salsa20
clang-arm32,O2,libsodium,src/libsodium/crypto_stream/chacha20/ref/chacha20_ref.c,stream_ietf_ext_ref,salsa20
clang-arm32,O2,libsodium,src/libsodium/crypto_stream/chacha20/ref/chacha20_ref.c,stream_ref_xor_ic,salsa20
clang-arm32,O2,libsodium,src/libsodium/crypto_stream/chacha20/ref/chacha20_ref.c,stream_ietf_ext_ref_xor_ic,salsa20
clang-arm32,O3,libsodium,src/libsodium/crypto_stream/chacha20/ref/chacha20_ref.c,stream_ref,salsa20
clang-arm32,O3,libsodium,src/libsodium/crypto_stream/chacha20/ref/chacha20_ref.c,stream_ietf_ext_ref,salsa20
clang-arm32,O3,libsodium,src/libsodium/crypto_stream/chacha20/ref/chacha20_ref.c,stream_ref_xor_ic,salsa20
clang-arm32,O3,libsodium,src/libsodium/crypto_stream/chacha20/ref/chacha20_ref.c,stream_ietf_ext_ref_xor_ic,salsa20
clang-arm32,Os,libsodium,src/libsodium/crypto_stream/chacha20/ref/chacha20_ref.c,stream_ref,salsa20
clang-arm32,Os,libsodium,src/libsodium/crypto_stream/chacha20/ref/chacha20_ref.c,stream_ietf_ext_ref,salsa20
clang-arm32,Os,libsodium,src/libsodium/crypto_stream/chacha20/ref/chacha20_ref.c,stream_ref_xor_ic,salsa20
clang-arm32,Os,libsodium,src/libsodium/crypto_stream/chacha20/ref/chacha20_ref.c,stream_ietf_ext_ref_xor_ic,salsa20
clang-x64,O0,sqlite,sqlite3.c,sqlite3_str_vappendf,Big_Numbers1
clang-x64,O0,sqlite,sqlite3.c,sqlite3_randomness,salsa20
clang-x64,O0,sqlite,sqlite3.c,sqlite3StrICmp,salsa20
clang-x64,O0,sqlite,sqlite3.c,sqlite3_strnicmp,salsa20
clang-x64,O0,sqlite,sqlite3.c,patternCompare,salsa20
clang-x64,O0,sqlite,sqlite3.c,sqlite3LoadExtension,salsa20
clang-x64,O0,sqlite,sqlite3.c,sqlite3FindFunction,salsa20
clang-x64,O0,sqlite,sqlite3.c,unixSync,Big_Numbers3
clang-x64,O0,sqlite,sqlite3.c,sqlite3VdbeSerialGet,Big_Numbers0
clang-x64,O0,sqlite,sqlite3.c,sqlite3InitCallback,salsa20
clang-x64,O0,sqlite,sqlite3.c,strHash,salsa20
clang-x64,O0,sqlite,sqlite3.c,sqlite3AffinityType,salsa20
clang-x64,O0,sqlite,sqlite3.c,keywordCode,salsa20
clang-x64,O0,sqlite,sqlite3.c,sqlite3Pragma,salsa20
clang-x64,O0,sqlite,sqlite3.c,sqlite3StrIHash,salsa20
clang-x64,O0,sqlite,sqlite3.c,exprAnalyze,salsa20
clang-x64,O0,sqlite,sqlite3.c,lowerFunc,salsa20
clang-x64,O0,sqlite,sqlite3.c,parseModifier,salsa20
clang-x64,O2,sqlite,sqlite3.c,sqlite3_status64,Big_Numbers3
clang-x64,O2,sqlite,sqlite3.c,sqlite3_status,Big_Numbers3
clang-x64,O2,sqlite,sqlite3.c,sqlite3_str_vappendf,Big_Numbers1
clang-x64,O2,sqlite,sqlite3.c,sqlite3_randomness,salsa20
clang-x64,O2,sqlite,sqlite3.c,unixOpen,Big_Numbers3
clang-x64,O2,sqlite,sqlite3.c,unixFullPathname,Big_Numbers3
clang-x64,O2,sqlite,sqlite3.c,sqlite3_step,Big_Numbers3
clang-x64,O2,sqlite,sqlite3.c,sqlite3_exec,Big_Numbers3
clang-x64,O2,sqlite,sqlite3.c,sqlite3_finalize,Big_Numbers3
clang-x64,O2,sqlite,sqlite3.c,sqlite3BtreeCommitPhaseOne,Big_Numbers3
clang-x64,O2,sqlite,sqlite3.c,valueFromValueList,Big_Numbers3
clang-x64,O2,sqlite,sqlite3.c,vdbeUnbind,Big_Numbers3
clang-x64,O2,sqlite,sqlite3.c,blobReadWrite,Big_Numbers3
clang-x64,O2,sqlite,sqlite3.c,sqlite3_blob_reopen,Big_Numbers3
clang-x64,O2,sqlite,sqlite3.c,sqlite3_errmsg,Big_Numbers3
clang-x64,O2,sqlite,sqlite3.c,sqlite3LockAndPrepare,Big_Numbers3
clang-x64,O2,sqlite,sqlite3.c,sqlite3Prepare16,Big_Numbers3
clang-x64,O2,sqlite,sqlite3.c,sqlite3_declare_vtab,Big_Numbers3
clang-x64,O2,sqlite,sqlite3.c,sqlite3_vtab_config,Big_Numbers3
clang-x64,O2,sqlite,sqlite3.c,sqlite3_vtab_rhs_value,Big_Numbers3
clang-x64,O2,sqlite,sqlite3.c,sqlite3_config,Big_Numbers3
clang-x64,O2,sqlite,sqlite3.c,sqlite3Close,Big_Numbers3
clang-x64,O2,sqlite,sqlite3.c,sqlite3CreateFunc,Big_Numbers3
clang-x64,O2,sqlite,sqlite3.c,sqlite3_wal_checkpoint_v2,Big_Numbers3
clang-x64,O2,sqlite,sqlite3.c,sqlite3_errcode,Big_Numbers3
clang-x64,O2,sqlite,sqlite3.c,sqlite3_extended_errcode,Big_Numbers3
clang-x64,O2,sqlite,sqlite3.c,openDatabase,Big_Numbers3
clang-x64,O2,sqlite,sqlite3.c,createCollation,Big_Numbers3
clang-x64,O2,sqlite,sqlite3.c,unixShmMap,Big_Numbers3
clang-x64,O2,sqlite,sqlite3.c,openDirectory,Big_Numbers3
clang-x64,O2,sqlite,sqlite3.c,appendAllPathElements,Big_Numbers3
clang-x64,O2,sqlite,sqlite3.c,sqlite3BtreeOpen,Big_Numbers3
clang-x64,O2,sqlite,sqlite3.c,pagerWalFrames,Big_Numbers3
clang-x64,O2,sqlite,sqlite3.c,walFindFrame,Big_Numbers3
clang-x64,O2,sqlite,sqlite3.c,walIndexAppend,Big_Numbers3
clang-x64,O2,sqlite,sqlite3.c,walIndexReadHdr,Big_Numbers3
clang-x64,O2,sqlite,sqlite3.c,getPageMMap,Big_Numbers3
clang-x64,O2,sqlite,sqlite3.c,getPageNormal,Big_Numbers3
clang-x64,O2,sqlite,sqlite3.c,btreeInitPage,Big_Numbers3
clang-x64,O2,sqlite,sqlite3.c,decodeFlags,Big_Numbers3
clang-x64,O2,sqlite,sqlite3.c,btreeCellSizeCheck,Big_Numbers3
clang-x64,O2,sqlite,sqlite3.c,sqlite3WalCheckpoint,Big_Numbers3
clang-x64,O2,sqlite,sqlite3.c,btreeBeginTrans,Big_Numbers3
clang-x64,O2,sqlite,sqlite3.c,sqlite3PagerSharedLock,Big_Numbers3
clang-x64,O2,sqlite,sqlite3.c,incrVacuumStep,Big_Numbers3
clang-x64,O2,sqlite,sqlite3.c,accessPayload,Big_Numbers3
clang-x64,O2,sqlite,sqlite3.c,ptrmapGet,Big_Numbers3
clang-x64,O2,sqlite,sqlite3.c,allocateBtreePage,Big_Numbers3
clang-x64,O2,sqlite,sqlite3.c,relocatePage,Big_Numbers3
clang-x64,O2,sqlite,sqlite3.c,btreeGetUnusedPage,Big_Numbers3
clang-x64,O2,sqlite,sqlite3.c,setChildPtrmaps,Big_Numbers3
clang-x64,O2,sqlite,sqlite3.c,ptrmapPut,Big_Numbers3
clang-x64,O2,sqlite,sqlite3.c,modifyPagePointer,Big_Numbers3
clang-x64,O2,sqlite,sqlite3.c,ptrmapPutOvflPtr,Big_Numbers3
clang-x64,O2,sqlite,sqlite3.c,sqlite3VdbeExec,Big_Numbers0|Big_Numbers3
clang-x64,O2,sqlite,sqlite3.c,sqlite3VdbeFinishMoveto,Big_Numbers3
clang-x64,O2,sqlite,sqlite3.c,sqlite3BtreeCreateTable,Big_Numbers3
clang-x64,O2,sqlite,sqlite3.c,sqlite3BtreeTableMoveto,Big_Numbers3
clang-x64,O2,sqlite,sqlite3.c,sqlite3BtreeIndexMoveto,Big_Numbers3
clang-x64,O2,sqlite,sqlite3.c,sqlite3BtreeInsert,Big_Numbers3
clang-x64,O2,sqlite,sqlite3.c,sqlite3BtreeDelete,Big_Numbers3
clang-x64,O2,sqlite,sqlite3.c,sqlite3VdbeIdxRowid,Big_Numbers3
clang-x64,O2,sqlite,sqlite3.c,sqlite3VdbeRecordCompareWithSkip,Big_Numbers3
clang-x64,O2,sqlite,sqlite3.c,sqlite3BtreeDropTable,Big_Numbers3
clang-x64,O2,sqlite,sqlite3.c,btreeMoveto,Big_Numbers3
clang-x64,O2,sqlite,sqlite3.c,sqlite3VdbeMemFromBtree,Big_Numbers3
clang-x64,O2,sqlite,sqlite3.c,moveToRoot,Big_Numbers3
clang-x64,O2,sqlite,sqlite3.c,moveToChild,Big_Numbers3
clang-x64,O2,sqlite,sqlite3.c,getAndInitPage,Big_Numbers3
clang-x64,O2,sqlite,sqlite3.c,btreeCursor,Big_Numbers3
clang-x64,O2,sqlite,sqlite3.c,clearDatabasePage,Big_Numbers3
clang-x64,O2,sqlite,sqlite3.c,clearCellOverflow,Big_Numbers3
clang-x64,O2,sqlite,sqlite3.c,freePage2,Big_Numbers3
clang-x64,O2,sqlite,sqlite3.c,vdbeRecordCompareString,Big_Numbers3
clang-x64,O2,sqlite,sqlite3.c,btreeNext,Big_Numbers3
clang-x64,O2,sqlite,sqlite3.c,btreePrevious,Big_Numbers3
clang-x64,O2,sqlite,sqlite3.c,btreeOverwriteCell,Big_Numbers3
clang-x64,O2,sqlite,sqlite3.c,btreeComputeFreeSpace,Big_Numbers3
clang-x64,O2,sqlite,sqlite3.c,dropCell,Big_Numbers3
clang-x64,O2,sqlite,sqlite3.c,balance,Big_Numbers3
clang-x64,O2,sqlite,sqlite3.c,btreeOverwriteOverflowCell,Big_Numbers3
clang-x64,O2,sqlite,sqlite3.c,freeSpace,Big_Numbers3
clang-x64,O2,sqlite,sqlite3.c,pageFindSlot,Big_Numbers3
clang-x64,O2,sqlite,sqlite3.c,defragmentPage,Big_Numbers3
clang-x64,O2,sqlite,sqlite3.c,rebuildPage,Big_Numbers3
clang-x64,O2,sqlite,sqlite3.c,insertCell,Big_Numbers3
clang-x64,O2,sqlite,sqlite3.c,editPage,Big_Numbers3
clang-x64,O2,sqlite,sqlite3.c,pageInsertArray,Big_Numbers3
clang-x64,O2,sqlite,sqlite3.c,corruptSchema,Big_Numbers3
clang-x64,O2,sqlite,sqlite3.c,sqlite3CreateIndex,Big_Numbers3
clang-x64,O2,sqlite,sqlite3.c,sqlite3FindInIndex,salsa20
clang-x64,O2,sqlite,sqlite3.c,dropColumnFunc,Big_Numbers3
clang-x64,O2,sqlite,sqlite3.c,renameParseSql,Big_Numbers3
clang-x64,O3,sqlite,sqlite3.c,sqlite3_status64,Big_Numbers3
clang-x64,O3,sqlite,sqlite3.c,sqlite3_status,Big_Numbers3
clang-x64,O3,sqlite,sqlite3.c,sqlite3_str_vappendf,Big_Numbers1
clang-x64,O3,sqlite,sqlite3.c,sqlite3_randomness,salsa20
clang-x64,O3,sqlite,sqlite3.c,unixOpen,Big_Numbers3
clang-x64,O3,sqlite,sqlite3.c,unixFullPathname,Big_Numbers3
clang-x64,O3,sqlite,sqlite3.c,sqlite3_step,Big_Numbers3
clang-x64,O3,sqlite,sqlite3.c,sqlite3_exec,Big_Numbers3
clang-x64,O3,sqlite,sqlite3.c,sqlite3_finalize,Big_Numbers3
clang-x64,O3,sqlite,sqlite3.c,sqlite3BtreeCommitPhaseOne,Big_Numbers3
clang-x64,O3,sqlite,sqlite3.c,valueFromValueList,Big_Numbers3
clang-x64,O3,sqlite,sqlite3.c,vdbeUnbind,Big_Numbers3
clang-x64,O3,sqlite,sqlite3.c,blobReadWrite,Big_Numbers3
clang-x64,O3,sqlite,sqlite3.c,sqlite3_blob_reopen,Big_Numbers3
clang-x64,O3,sqlite,sqlite3.c,sqlite3_errmsg,Big_Numbers3
clang-x64,O3,sqlite,sqlite3.c,sqlite3LockAndPrepare,Big_Numbers3
clang-x64,O3,sqlite,sqlite3.c,sqlite3Prepare16,Big_Numbers3
clang-x64,O3,sqlite,sqlite3.c,sqlite3_declare_vtab,Big_Numbers3
clang-x64,O3,sqlite,sqlite3.c,sqlite3_vtab_config,Big_Numbers3
clang-x64,O3,sqlite,sqlite3.c,sqlite3_vtab_rhs_value,Big_Numbers3
clang-x64,O3,sqlite,sqlite3.c,sqlite3_config,Big_Numbers3
clang-x64,O3,sqlite,sqlite3.c,sqlite3Close,Big_Numbers3
clang-x64,O3,sqlite,sqlite3.c,sqlite3CreateFunc,Big_Numbers3
clang-x64,O3,sqlite,sqlite3.c,sqlite3_wal_checkpoint_v2,Big_Numbers3
clang-x64,O3,sqlite,sqlite3.c,sqlite3_errcode,Big_Numbers3
clang-x64,O3,sqlite,sqlite3.c,sqlite3_extended_errcode,Big_Numbers3
clang-x64,O3,sqlite,sqlite3.c,openDatabase,Big_Numbers3
clang-x64,O3,sqlite,sqlite3.c,createCollation,Big_Numbers3
clang-x64,O3,sqlite,sqlite3.c,unixShmMap,Big_Numbers3
clang-x64,O3,sqlite,sqlite3.c,openDirectory,Big_Numbers3
clang-x64,O3,sqlite,sqlite3.c,appendAllPathElements,Big_Numbers3
clang-x64,O3,sqlite,sqlite3.c,sqlite3BtreeOpen,Big_Numbers3
clang-x64,O3,sqlite,sqlite3.c,pagerWalFrames,Big_Numbers3
clang-x64,O3,sqlite,sqlite3.c,walFindFrame,Big_Numbers3
clang-x64,O3,sqlite,sqlite3.c,walIndexAppend,Big_Numbers3
clang-x64,O3,sqlite,sqlite3.c,walIndexReadHdr,Big_Numbers3
clang-x64,O3,sqlite,sqlite3.c,getPageMMap,Big_Numbers3
clang-x64,O3,sqlite,sqlite3.c,getPageNormal,Big_Numbers3
clang-x64,O3,sqlite,sqlite3.c,btreeInitPage,Big_Numbers3
clang-x64,O3,sqlite,sqlite3.c,decodeFlags,Big_Numbers3
clang-x64,O3,sqlite,sqlite3.c,btreeCellSizeCheck,Big_Numbers3
clang-x64,O3,sqlite,sqlite3.c,sqlite3WalCheckpoint,Big_Numbers3
clang-x64,O3,sqlite,sqlite3.c,btreeBeginTrans,Big_Numbers3
clang-x64,O3,sqlite,sqlite3.c,sqlite3PagerSharedLock,Big_Numbers3
clang-x64,O3,sqlite,sqlite3.c,incrVacuumStep,Big_Numbers3
clang-x64,O3,sqlite,sqlite3.c,accessPayload,Big_Numbers3
clang-x64,O3,sqlite,sqlite3.c,ptrmapGet,Big_Numbers3
clang-x64,O3,sqlite,sqlite3.c,allocateBtreePage,Big_Numbers3
clang-x64,O3,sqlite,sqlite3.c,relocatePage,Big_Numbers3
clang-x64,O3,sqlite,sqlite3.c,btreeGetUnusedPage,Big_Numbers3
clang-x64,O3,sqlite,sqlite3.c,setChildPtrmaps,Big_Numbers3
clang-x64,O3,sqlite,sqlite3.c,ptrmapPut,Big_Numbers3
clang-x64,O3,sqlite,sqlite3.c,modifyPagePointer,Big_Numbers3
clang-x64,O3,sqlite,sqlite3.c,ptrmapPutOvflPtr,Big_Numbers3
clang-x64,O3,sqlite,sqlite3.c,sqlite3VdbeExec,Big_Numbers0|Big_Numbers3
clang-x64,O3,sqlite,sqlite3.c,sqlite3VdbeFinishMoveto,Big_Numbers3
clang-x64,O3,sqlite,sqlite3.c,sqlite3BtreeCreateTable,Big_Numbers3
clang-x64,O3,sqlite,sqlite3.c,sqlite3BtreeTableMoveto,Big_Numbers3
clang-x64,O3,sqlite,sqlite3.c,sqlite3BtreeIndexMoveto,Big_Numbers3
clang-x64,O3,sqlite,sqlite3.c,sqlite3BtreeInsert,Big_Numbers3
clang-x64,O3,sqlite,sqlite3.c,sqlite3BtreeDelete,Big_Numbers3
clang-x64,O3,sqlite,sqlite3.c,sqlite3VdbeIdxRowid,Big_Numbers3
clang-x64,O3,sqlite,sqlite3.c,sqlite3VdbeRecordCompareWithSkip,Big_Numbers3
clang-x64,O3,sqlite,sqlite3.c,sqlite3BtreeDropTable,Big_Numbers3
clang-x64,O3,sqlite,sqlite3.c,btreeMoveto,Big_Numbers3
clang-x64,O3,sqlite,sqlite3.c,sqlite3VdbeMemFromBtree,Big_Numbers3
clang-x64,O3,sqlite,sqlite3.c,moveToRoot,Big_Numbers3
clang-x64,O3,sqlite,sqlite3.c,moveToChild,Big_Numbers3
clang-x64,O3,sqlite,sqlite3.c,getAndInitPage,Big_Numbers3
clang-x64,O3,sqlite,sqlite3.c,btreeCursor,Big_Numbers3
clang-x64,O3,sqlite,sqlite3.c,clearDatabasePage,Big_Numbers3
clang-x64,O3,sqlite,sqlite3.c,clearCellOverflow,Big_Numbers3
clang-x64,O3,sqlite,sqlite3.c,freePage2,Big_Numbers3
clang-x64,O3,sqlite,sqlite3.c,vdbeRecordCompareString,Big_Numbers3
clang-x64,O3,sqlite,sqlite3.c,btreeNext,Big_Numbers3
clang-x64,O3,sqlite,sqlite3.c,btreePrevious,Big_Numbers3
clang-x64,O3,sqlite,sqlite3.c,btreeOverwriteCell,Big_Numbers3
clang-x64,O3,sqlite,sqlite3.c,btreeComputeFreeSpace,Big_Numbers3
clang-x64,O3,sqlite,sqlite3.c,dropCell,Big_Numbers3
clang-x64,O3,sqlite,sqlite3.c,balance,Big_Numbers3
clang-x64,O3,sqlite,sqlite3.c,btreeOverwriteOverflowCell,Big_Numbers3
clang-x64,O3,sqlite,sqlite3.c,freeSpace,Big_Numbers3
clang-x64,O3,sqlite,sqlite3.c,pageFindSlot,Big_Numbers3
clang-x64,O3,sqlite,sqlite3.c,defragmentPage,Big_Numbers3
clang-x64,O3,sqlite,sqlite3.c,rebuildPage,Big_Numbers3
clang-x64,O3,sqlite,sqlite3.c,insertCell,Big_Numbers3
clang-x64,O3,sqlite,sqlite3.c,editPage,Big_Numbers3
clang-x64,O3,sqlite,sqlite3.c,pageInsertArray,Big_Numbers3
clang-x64,O3,sqlite,sqlite3.c,corruptSchema,Big_Numbers3
clang-x64,O3,sqlite,sqlite3.c,sqlite3CreateIndex,Big_Numbers3
clang-x64,O3,sqlite,sqlite3.c,sqlite3FindInIndex,salsa20
clang-x64,O3,sqlite,sqlite3.c,dropColumnFunc,Big_Numbers3
clang-x64,O3,sqlite,sqlite3.c,renameParseSql,Big_Numbers3
clang-x64,Os,sqlite,sqlite3.c,sqlite3_status64,Big_Numbers3
clang-x64,Os,sqlite,sqlite3.c,sqlite3_str_vappendf,Big_Numbers1
clang-x64,Os,sqlite,sqlite3.c,sqlite3_randomness,salsa20
clang-x64,Os,sqlite,sqlite3.c,unixOpen,Big_Numbers3
clang-x64,Os,sqlite,sqlite3.c,unixFullPathname,Big_Numbers3
clang-x64,Os,sqlite,sqlite3.c,sqlite3_step,Big_Numbers3
clang-x64,Os,sqlite,sqlite3.c,sqlite3_exec,Big_Numbers3
clang-x64,Os,sqlite,sqlite3.c,sqlite3_finalize,Big_Numbers3
clang-x64,Os,sqlite,sqlite3.c,sqlite3BtreeCommitPhaseOne,Big_Numbers3
clang-x64,Os,sqlite,sqlite3.c,valueFromValueList,Big_Numbers3
clang-x64,Os,sqlite,sqlite3.c,vdbeUnbind,Big_Numbers3
clang-x64,Os,sqlite,sqlite3.c,blobReadWrite,Big_Numbers3
clang-x64,Os,sqlite,sqlite3.c,sqlite3_blob_reopen,Big_Numbers3
clang-x64,Os,sqlite,sqlite3.c,sqlite3_errmsg,Big_Numbers3
clang-x64,Os,sqlite,sqlite3.c,sqlite3LockAndPrepare,Big_Numbers3
clang-x64,Os,sqlite,sqlite3.c,sqlite3Prepare16,Big_Numbers3
clang-x64,Os,sqlite,sqlite3.c,sqlite3_declare_vtab,Big_Numbers3
clang-x64,Os,sqlite,sqlite3.c,sqlite3_vtab_config,Big_Numbers3
clang-x64,Os,sqlite,sqlite3.c,sqlite3_vtab_rhs_value,Big_Numbers3
clang-x64,Os,sqlite,sqlite3.c,sqlite3_config,Big_Numbers3
clang-x64,Os,sqlite,sqlite3.c,sqlite3Close,Big_Numbers3
clang-x64,Os,sqlite,sqlite3.c,sqlite3CreateFunc,Big_Numbers3
clang-x64,Os,sqlite,sqlite3.c,sqlite3_wal_checkpoint_v2,Big_Numbers3
clang-x64,Os,sqlite,sqlite3.c,sqlite3_errcode,Big_Numbers3
clang-x64,Os,sqlite,sqlite3.c,sqlite3_extended_errcode,Big_Numbers3
clang-x64,Os,sqlite,sqlite3.c,openDatabase,Big_Numbers3
clang-x64,Os,sqlite,sqlite3.c,createCollation,Big_Numbers3
clang-x64,Os,sqlite,sqlite3.c,sqlite3LogEst,salsa20
clang-x64,Os,sqlite,sqlite3.c,unixShmMap,Big_Numbers3
clang-x64,Os,sqlite,sqlite3.c,openDirectory,Big_Numbers3
clang-x64,Os,sqlite,sqlite3.c,appendAllPathElements,Big_Numbers3
clang-x64,Os,sqlite,sqlite3.c,sqlite3BtreeOpen,Big_Numbers3
clang-x64,Os,sqlite,sqlite3.c,pagerWalFrames,Big_Numbers3
clang-x64,Os,sqlite,sqlite3.c,walFindFrame,Big_Numbers3
clang-x64,Os,sqlite,sqlite3.c,walIndexAppend,Big_Numbers3
clang-x64,Os,sqlite,sqlite3.c,walIndexReadHdr,Big_Numbers3
clang-x64,Os,sqlite,sqlite3.c,getPageMMap,Big_Numbers3
clang-x64,Os,sqlite,sqlite3.c,getPageNormal,Big_Numbers3
clang-x64,Os,sqlite,sqlite3.c,btreeInitPage,Big_Numbers3
clang-x64,Os,sqlite,sqlite3.c,decodeFlags,Big_Numbers3
clang-x64,Os,sqlite,sqlite3.c,btreeCellSizeCheck,Big_Numbers3
clang-x64,Os,sqlite,sqlite3.c,sqlite3WalCheckpoint,Big_Numbers3
clang-x64,Os,sqlite,sqlite3.c,btreeBeginTrans,Big_Numbers3
clang-x64,Os,sqlite,sqlite3.c,sqlite3PagerSharedLock,Big_Numbers3
clang-x64,Os,sqlite,sqlite3.c,incrVacuumStep,Big_Numbers3
clang-x64,Os,sqlite,sqlite3.c,accessPayload,Big_Numbers3
clang-x64,Os,sqlite,sqlite3.c,ptrmapGet,Big_Numbers3
clang-x64,Os,sqlite,sqlite3.c,allocateBtreePage,Big_Numbers3
clang-x64,Os,sqlite,sqlite3.c,relocatePage,Big_Numbers3
clang-x64,Os,sqlite,sqlite3.c,btreeGetUnusedPage,Big_Numbers3
clang-x64,Os,sqlite,sqlite3.c,ptrmapPut,Big_Numbers3
clang-x64,Os,sqlite,sqlite3.c,modifyPagePointer,Big_Numbers3
clang-x64,Os,sqlite,sqlite3.c,ptrmapPutOvflPtr,Big_Numbers3
clang-x64,Os,sqlite,sqlite3.c,sqlite3VdbeExec,Big_Numbers0|Big_Numbers3
clang-x64,Os,sqlite,sqlite3.c,sqlite3VdbeFinishMoveto,Big_Numbers3
clang-x64,Os,sqlite,sqlite3.c,sqlite3BtreeCreateTable,Big_Numbers3
clang-x64,Os,sqlite,sqlite3.c,sqlite3BtreeTableMoveto,Big_Numbers3
clang-x64,Os,sqlite,sqlite3.c,sqlite3BtreeIndexMoveto,Big_Numbers3
clang-x64,Os,sqlite,sqlite3.c,sqlite3BtreeInsert,Big_Numbers3
clang-x64,Os,sqlite,sqlite3.c,sqlite3BtreeDelete,Big_Numbers3
clang-x64,Os,sqlite,sqlite3.c,sqlite3VdbeIdxRowid,Big_Numbers3
clang-x64,Os,sqlite,sqlite3.c,sqlite3VdbeRecordCompareWithSkip,Big_Numbers3
clang-x64,Os,sqlite,sqlite3.c,btreeMoveto,Big_Numbers3
clang-x64,Os,sqlite,sqlite3.c,sqlite3VdbeMemFromBtree,Big_Numbers3
clang-x64,Os,sqlite,sqlite3.c,moveToRoot,Big_Numbers3
clang-x64,Os,sqlite,sqlite3.c,moveToChild,Big_Numbers3
clang-x64,Os,sqlite,sqlite3.c,getAndInitPage,Big_Numbers3
clang-x64,Os,sqlite,sqlite3.c,btreeCursor,Big_Numbers3
clang-x64,Os,sqlite,sqlite3.c,clearDatabasePage,Big_Numbers3
clang-x64,Os,sqlite,sqlite3.c,clearCellOverflow,Big_Numbers3
clang-x64,Os,sqlite,sqlite3.c,freePage2,Big_Numbers3
clang-x64,Os,sqlite,sqlite3.c,vdbeRecordCompareString,Big_Numbers3
clang-x64,Os,sqlite,sqlite3.c,btreeNext,Big_Numbers3
clang-x64,Os,sqlite,sqlite3.c,btreePrevious,Big_Numbers3
clang-x64,Os,sqlite,sqlite3.c,btreeOverwriteCell,Big_Numbers3
clang-x64,Os,sqlite,sqlite3.c,btreeComputeFreeSpace,Big_Numbers3
clang-x64,Os,sqlite,sqlite3.c,dropCell,Big_Numbers3
clang-x64,Os,sqlite,sqlite3.c,balance,Big_Numbers3
clang-x64,Os,sqlite,sqlite3.c,btreeOverwriteOverflowCell,Big_Numbers3
clang-x64,Os,sqlite,sqlite3.c,freeSpace,Big_Numbers3
clang-x64,Os,sqlite,sqlite3.c,pageFindSlot,Big_Numbers3
clang-x64,Os,sqlite,sqlite3.c,defragmentPage,Big_Numbers3
clang-x64,Os,sqlite,sqlite3.c,rebuildPage,Big_Numbers3
clang-x64,Os,sqlite,sqlite3.c,insertCell,Big_Numbers3
clang-x64,Os,sqlite,sqlite3.c,editPage,Big_Numbers3
clang-x64,Os,sqlite,sqlite3.c,pageInsertArray,Big_Numbers3
clang-x64,Os,sqlite,sqlite3.c,corruptSchema,Big_Numbers3
clang-x64,Os,sqlite,sqlite3.c,sqlite3CreateIndex,Big_Numbers3
clang-x64,Os,sqlite,sqlite3.c,dropColumnFunc,Big_Numbers3
clang-x64,Os,sqlite,sqlite3.c,renameParseSql,Big_Numbers3
clang-a64,O0,sqlite,sqlite3.c,sqlite3_str_vappendf,Big_Numbers1|salsa20
clang-a64,O0,sqlite,sqlite3.c,sqlite3_randomness,salsa20
clang-a64,O0,sqlite,sqlite3.c,sqlite3StrICmp,salsa20
clang-a64,O0,sqlite,sqlite3.c,sqlite3_strnicmp,salsa20
clang-a64,O0,sqlite,sqlite3.c,patternCompare,salsa20
clang-a64,O0,sqlite,sqlite3.c,sqlite3LoadExtension,salsa20
clang-a64,O0,sqlite,sqlite3.c,sqlite3FindFunction,salsa20
clang-a64,O0,sqlite,sqlite3.c,unixSync,Big_Numbers3
clang-a64,O0,sqlite,sqlite3.c,sqlite3VdbeSerialGet,Big_Numbers0
clang-a64,O0,sqlite,sqlite3.c,sqlite3InitCallback,salsa20
clang-a64,O0,sqlite,sqlite3.c,strHash,salsa20
clang-a64,O0,sqlite,sqlite3.c,sqlite3AffinityType,salsa20
clang-a64,O0,sqlite,sqlite3.c,keywordCode,salsa20
clang-a64,O0,sqlite,sqlite3.c,sqlite3Pragma,salsa20
clang-a64,O0,sqlite,sqlite3.c,sqlite3StrIHash,salsa20
clang-a64,O0,sqlite,sqlite3.c,exprAnalyze,salsa20
clang-a64,O0,sqlite,sqlite3.c,lowerFunc,salsa20
clang-a64,O0,sqlite,sqlite3.c,parseModifier,salsa20
clang-a64,O2,sqlite,sqlite3.c,sqlite3_status64,Big_Numbers3
clang-a64,O2,sqlite,sqlite3.c,sqlite3_status,Big_Numbers3
clang-a64,O2,sqlite,sqlite3.c,sqlite3_str_vappendf,Big_Numbers1
clang-a64,O2,sqlite,sqlite3.c,sqlite3_randomness,salsa20
clang-a64,O2,sqlite,sqlite3.c,unixOpen,Big_Numbers3
clang-a64,O2,sqlite,sqlite3.c,unixFullPathname,Big_Numbers3
clang-a64,O2,sqlite,sqlite3.c,sqlite3_step,Big_Numbers3
clang-a64,O2,sqlite,sqlite3.c,sqlite3_exec,Big_Numbers3
clang-a64,O2,sqlite,sqlite3.c,sqlite3_finalize,Big_Numbers3
clang-a64,O2,sqlite,sqlite3.c,sqlite3BtreeCommitPhaseOne,Big_Numbers3
clang-a64,O2,sqlite,sqlite3.c,valueFromValueList,Big_Numbers3
clang-a64,O2,sqlite,sqlite3.c,vdbeUnbind,Big_Numbers3
clang-a64,O2,sqlite,sqlite3.c,blobReadWrite,Big_Numbers3
clang-a64,O2,sqlite,sqlite3.c,sqlite3_blob_reopen,Big_Numbers3
clang-a64,O2,sqlite,sqlite3.c,sqlite3_errmsg,Big_Numbers3
clang-a64,O2,sqlite,sqlite3.c,sqlite3LockAndPrepare,Big_Numbers3
clang-a64,O2,sqlite,sqlite3.c,sqlite3Prepare16,Big_Numbers3
clang-a64,O2,sqlite,sqlite3.c,sqlite3_declare_vtab,Big_Numbers3
clang-a64,O2,sqlite,sqlite3.c,sqlite3_vtab_config,Big_Numbers3
clang-a64,O2,sqlite,sqlite3.c,sqlite3_vtab_rhs_value,Big_Numbers3
clang-a64,O2,sqlite,sqlite3.c,sqlite3_config,Big_Numbers3
clang-a64,O2,sqlite,sqlite3.c,sqlite3Close,Big_Numbers3
clang-a64,O2,sqlite,sqlite3.c,sqlite3CreateFunc,Big_Numbers3
clang-a64,O2,sqlite,sqlite3.c,sqlite3_wal_checkpoint_v2,Big_Numbers3
clang-a64,O2,sqlite,sqlite3.c,sqlite3_errcode,Big_Numbers3
clang-a64,O2,sqlite,sqlite3.c,sqlite3_extended_errcode,Big_Numbers3
clang-a64,O2,sqlite,sqlite3.c,openDatabase,Big_Numbers3
clang-a64,O2,sqlite,sqlite3.c,createCollation,Big_Numbers3
clang-a64,O2,sqlite,sqlite3.c,unixShmMap,Big_Numbers3
clang-a64,O2,sqlite,sqlite3.c,openDirectory,Big_Numbers3
clang-a64,O2,sqlite,sqlite3.c,appendAllPathElements,Big_Numbers3
clang-a64,O2,sqlite,sqlite3.c,sqlite3BtreeOpen,Big_Numbers3
clang-a64,O2,sqlite,sqlite3.c,pagerWalFrames,Big_Numbers3
clang-a64,O2,sqlite,sqlite3.c,walFindFrame,Big_Numbers3
clang-a64,O2,sqlite,sqlite3.c,walIndexAppend,Big_Numbers3
clang-a64,O2,sqlite,sqlite3.c,walIndexReadHdr,Big_Numbers3
clang-a64,O2,sqlite,sqlite3.c,getPageMMap,Big_Numbers3
clang-a64,O2,sqlite,sqlite3.c,getPageNormal,Big_Numbers3
clang-a64,O2,sqlite,sqlite3.c,btreeInitPage,Big_Numbers3
clang-a64,O2,sqlite,sqlite3.c,decodeFlags,Big_Numbers3
clang-a64,O2,sqlite,sqlite3.c,btreeCellSizeCheck,Big_Numbers3
clang-a64,O2,sqlite,sqlite3.c,sqlite3WalCheckpoint,Big_Numbers3
clang-a64,O2,sqlite,sqlite3.c,btreeBeginTrans,Big_Numbers3
clang-a64,O2,sqlite,sqlite3.c,sqlite3PagerSharedLock,Big_Numbers3
clang-a64,O2,sqlite,sqlite3.c,incrVacuumStep,Big_Numbers3
clang-a64,O2,sqlite,sqlite3.c,accessPayload,Big_Numbers3
clang-a64,O2,sqlite,sqlite3.c,ptrmapGet,Big_Numbers3
clang-a64,O2,sqlite,sqlite3.c,allocateBtreePage,Big_Numbers3
clang-a64,O2,sqlite,sqlite3.c,relocatePage,Big_Numbers3
clang-a64,O2,sqlite,sqlite3.c,btreeGetUnusedPage,Big_Numbers3
clang-a64,O2,sqlite,sqlite3.c,setChildPtrmaps,Big_Numbers3
clang-a64,O2,sqlite,sqlite3.c,ptrmapPut,Big_Numbers3
clang-a64,O2,sqlite,sqlite3.c,modifyPagePointer,Big_Numbers3
clang-a64,O2,sqlite,sqlite3.c,ptrmapPutOvflPtr,Big_Numbers3
clang-a64,O2,sqlite,sqlite3.c,sqlite3VdbeExec,Big_Numbers0|Big_Numbers3
clang-a64,O2,sqlite,sqlite3.c,sqlite3VdbeFinishMoveto,Big_Numbers3
clang-a64,O2,sqlite,sqlite3.c,sqlite3BtreeCreateTable,Big_Numbers3
clang-a64,O2,sqlite,sqlite3.c,sqlite3BtreeTableMoveto,Big_Numbers3
clang-a64,O2,sqlite,sqlite3.c,sqlite3BtreeIndexMoveto,Big_Numbers3
clang-a64,O2,sqlite,sqlite3.c,sqlite3BtreeInsert,Big_Numbers3
clang-a64,O2,sqlite,sqlite3.c,sqlite3BtreeDelete,Big_Numbers3
clang-a64,O2,sqlite,sqlite3.c,sqlite3VdbeIdxRowid,Big_Numbers3
clang-a64,O2,sqlite,sqlite3.c,sqlite3VdbeRecordCompareWithSkip,Big_Numbers3
clang-a64,O2,sqlite,sqlite3.c,sqlite3BtreeDropTable,Big_Numbers3
clang-a64,O2,sqlite,sqlite3.c,btreeMoveto,Big_Numbers3
clang-a64,O2,sqlite,sqlite3.c,sqlite3VdbeMemFromBtree,Big_Numbers3
clang-a64,O2,sqlite,sqlite3.c,moveToRoot,Big_Numbers3
clang-a64,O2,sqlite,sqlite3.c,moveToChild,Big_Numbers3
clang-a64,O2,sqlite,sqlite3.c,getAndInitPage,Big_Numbers3
clang-a64,O2,sqlite,sqlite3.c,btreeCursor,Big_Numbers3
clang-a64,O2,sqlite,sqlite3.c,clearDatabasePage,Big_Numbers3
clang-a64,O2,sqlite,sqlite3.c,clearCellOverflow,Big_Numbers3
clang-a64,O2,sqlite,sqlite3.c,freePage2,Big_Numbers3
clang-a64,O2,sqlite,sqlite3.c,vdbeRecordCompareString,Big_Numbers3
clang-a64,O2,sqlite,sqlite3.c,btreeNext,Big_Numbers3
clang-a64,O2,sqlite,sqlite3.c,btreePrevious,Big_Numbers3
clang-a64,O2,sqlite,sqlite3.c,btreeOverwriteCell,Big_Numbers3
clang-a64,O2,sqlite,sqlite3.c,btreeComputeFreeSpace,Big_Numbers3
clang-a64,O2,sqlite,sqlite3.c,dropCell,Big_Numbers3
clang-a64,O2,sqlite,sqlite3.c,balance,Big_Numbers3|salsa20
clang-a64,O2,sqlite,sqlite3.c,btreeOverwriteOverflowCell,Big_Numbers3
clang-a64,O2,sqlite,sqlite3.c,freeSpace,Big_Numbers3
clang-a64,O2,sqlite,sqlite3.c,pageFindSlot,Big_Numbers3
clang-a64,O2,sqlite,sqlite3.c,defragmentPage,Big_Numbers3
clang-a64,O2,sqlite,sqlite3.c,rebuildPage,Big_Numbers3
clang-a64,O2,sqlite,sqlite3.c,insertCell,Big_Numbers3
clang-a64,O2,sqlite,sqlite3.c,editPage,Big_Numbers3
clang-a64,O2,sqlite,sqlite3.c,pageInsertArray,Big_Numbers3
clang-a64,O2,sqlite,sqlite3.c,corruptSchema,Big_Numbers3
clang-a64,O2,sqlite,sqlite3.c,sqlite3CreateIndex,Big_Numbers3
clang-a64,O2,sqlite,sqlite3.c,dropColumnFunc,Big_Numbers3
clang-a64,O2,sqlite,sqlite3.c,renameParseSql,Big_Numbers3
clang-a64,O2,sqlite,sqlite3.c,timediffFunc,Big_Numbers1
clang-a64,O2,sqlite,sqlite3.c,jsonTranslateBlobToText,Big_Numbers1
clang-a64,O2,sqlite,sqlite3.c,jsonAppendString,Big_Numbers1
clang-a64,O3,sqlite,sqlite3.c,sqlite3_status64,Big_Numbers3
clang-a64,O3,sqlite,sqlite3.c,sqlite3_status,Big_Numbers3
clang-a64,O3,sqlite,sqlite3.c,sqlite3_str_vappendf,Big_Numbers1
clang-a64,O3,sqlite,sqlite3.c,sqlite3_randomness,salsa20
clang-a64,O3,sqlite,sqlite3.c,unixOpen,Big_Numbers3
clang-a64,O3,sqlite,sqlite3.c,unixFullPathname,Big_Numbers3
clang-a64,O3,sqlite,sqlite3.c,sqlite3_step,Big_Numbers3
clang-a64,O3,sqlite,sqlite3.c,sqlite3_exec,Big_Numbers3
clang-a64,O3,sqlite,sqlite3.c,sqlite3_finalize,Big_Numbers3
clang-a64,O3,sqlite,sqlite3.c,sqlite3BtreeCommitPhaseOne,Big_Numbers3
clang-a64,O3,sqlite,sqlite3.c,valueFromValueList,Big_Numbers3
clang-a64,O3,sqlite,sqlite3.c,vdbeUnbind,Big_Numbers3
clang-a64,O3,sqlite,sqlite3.c,blobReadWrite,Big_Numbers3
clang-a64,O3,sqlite,sqlite3.c,sqlite3_blob_reopen,Big_Numbers3
clang-a64,O3,sqlite,sqlite3.c,sqlite3_errmsg,Big_Numbers3
clang-a64,O3,sqlite,sqlite3.c,sqlite3LockAndPrepare,Big_Numbers3
clang-a64,O3,sqlite,sqlite3.c,sqlite3Prepare16,Big_Numbers3
clang-a64,O3,sqlite,sqlite3.c,sqlite3_declare_vtab,Big_Numbers3
clang-a64,O3,sqlite,sqlite3.c,sqlite3_vtab_config,Big_Numbers3
clang-a64,O3,sqlite,sqlite3.c,sqlite3_vtab_rhs_value,Big_Numbers3
clang-a64,O3,sqlite,sqlite3.c,sqlite3_config,Big_Numbers3
clang-a64,O3,sqlite,sqlite3.c,sqlite3Close,Big_Numbers3
clang-a64,O3,sqlite,sqlite3.c,sqlite3CreateFunc,Big_Numbers3
clang-a64,O3,sqlite,sqlite3.c,sqlite3_wal_checkpoint_v2,Big_Numbers3
clang-a64,O3,sqlite,sqlite3.c,sqlite3_errcode,Big_Numbers3
clang-a64,O3,sqlite,sqlite3.c,sqlite3_extended_errcode,Big_Numbers3
clang-a64,O3,sqlite,sqlite3.c,openDatabase,Big_Numbers3
clang-a64,O3,sqlite,sqlite3.c,createCollation,Big_Numbers3
clang-a64,O3,sqlite,sqlite3.c,unixShmMap,Big_Numbers3
clang-a64,O3,sqlite,sqlite3.c,openDirectory,Big_Numbers3
clang-a64,O3,sqlite,sqlite3.c,appendAllPathElements,Big_Numbers3
clang-a64,O3,sqlite,sqlite3.c,sqlite3BtreeOpen,Big_Numbers3
clang-a64,O3,sqlite,sqlite3.c,pagerWalFrames,Big_Numbers3
clang-a64,O3,sqlite,sqlite3.c,walFindFrame,Big_Numbers3
clang-a64,O3,sqlite,sqlite3.c,walIndexAppend,Big_Numbers3
clang-a64,O3,sqlite,sqlite3.c,walIndexReadHdr,Big_Numbers3
clang-a64,O3,sqlite,sqlite3.c,getPageMMap,Big_Numbers3
clang-a64,O3,sqlite,sqlite3.c,getPageNormal,Big_Numbers3
clang-a64,O3,sqlite,sqlite3.c,btreeInitPage,Big_Numbers3
clang-a64,O3,sqlite,sqlite3.c,decodeFlags,Big_Numbers3
clang-a64,O3,sqlite,sqlite3.c,btreeCellSizeCheck,Big_Numbers3
clang-a64,O3,sqlite,sqlite3.c,sqlite3WalCheckpoint,Big_Numbers3
clang-a64,O3,sqlite,sqlite3.c,btreeBeginTrans,Big_Numbers3
clang-a64,O3,sqlite,sqlite3.c,sqlite3PagerSharedLock,Big_Numbers3
clang-a64,O3,sqlite,sqlite3.c,incrVacuumStep,Big_Numbers3
clang-a64,O3,sqlite,sqlite3.c,accessPayload,Big_Numbers3
clang-a64,O3,sqlite,sqlite3.c,ptrmapGet,Big_Numbers3
clang-a64,O3,sqlite,sqlite3.c,allocateBtreePage,Big_Numbers3
clang-a64,O3,sqlite,sqlite3.c,relocatePage,Big_Numbers3
clang-a64,O3,sqlite,sqlite3.c,btreeGetUnusedPage,Big_Numbers3
clang-a64,O3,sqlite,sqlite3.c,setChildPtrmaps,Big_Numbers3
clang-a64,O3,sqlite,sqlite3.c,ptrmapPut,Big_Numbers3
clang-a64,O3,sqlite,sqlite3.c,modifyPagePointer,Big_Numbers3
clang-a64,O3,sqlite,sqlite3.c,ptrmapPutOvflPtr,Big_Numbers3
clang-a64,O3,sqlite,sqlite3.c,sqlite3VdbeExec,Big_Numbers0|Big_Numbers3
clang-a64,O3,sqlite,sqlite3.c,sqlite3VdbeFinishMoveto,Big_Numbers3
clang-a64,O3,sqlite,sqlite3.c,sqlite3BtreeCreateTable,Big_Numbers3
clang-a64,O3,sqlite,sqlite3.c,sqlite3BtreeTableMoveto,Big_Numbers3
clang-a64,O3,sqlite,sqlite3.c,sqlite3BtreeIndexMoveto,Big_Numbers3
clang-a64,O3,sqlite,sqlite3.c,sqlite3BtreeInsert,Big_Numbers3
clang-a64,O3,sqlite,sqlite3.c,sqlite3BtreeDelete,Big_Numbers3
clang-a64,O3,sqlite,sqlite3.c,sqlite3VdbeIdxRowid,Big_Numbers3
clang-a64,O3,sqlite,sqlite3.c,sqlite3VdbeRecordCompareWithSkip,Big_Numbers3
clang-a64,O3,sqlite,sqlite3.c,sqlite3BtreeDropTable,Big_Numbers3
clang-a64,O3,sqlite,sqlite3.c,btreeMoveto,Big_Numbers3
clang-a64,O3,sqlite,sqlite3.c,sqlite3VdbeMemFromBtree,Big_Numbers3
clang-a64,O3,sqlite,sqlite3.c,moveToRoot,Big_Numbers3
clang-a64,O3,sqlite,sqlite3.c,moveToChild,Big_Numbers3
clang-a64,O3,sqlite,sqlite3.c,getAndInitPage,Big_Numbers3
clang-a64,O3,sqlite,sqlite3.c,btreeCursor,Big_Numbers3
clang-a64,O3,sqlite,sqlite3.c,clearDatabasePage,Big_Numbers3
clang-a64,O3,sqlite,sqlite3.c,clearCellOverflow,Big_Numbers3
clang-a64,O3,sqlite,sqlite3.c,freePage2,Big_Numbers3
clang-a64,O3,sqlite,sqlite3.c,vdbeRecordCompareString,Big_Numbers3
clang-a64,O3,sqlite,sqlite3.c,btreeNext,Big_Numbers3
clang-a64,O3,sqlite,sqlite3.c,btreePrevious,Big_Numbers3
clang-a64,O3,sqlite,sqlite3.c,btreeOverwriteCell,Big_Numbers3
clang-a64,O3,sqlite,sqlite3.c,btreeComputeFreeSpace,Big_Numbers3
clang-a64,O3,sqlite,sqlite3.c,dropCell,Big_Numbers3
clang-a64,O3,sqlite,sqlite3.c,balance,Big_Numbers3|salsa20
clang-a64,O3,sqlite,sqlite3.c,btreeOverwriteOverflowCell,Big_Numbers3
clang-a64,O3,sqlite,sqlite3.c,freeSpace,Big_Numbers3
clang-a64,O3,sqlite,sqlite3.c,pageFindSlot,Big_Numbers3
clang-a64,O3,sqlite,sqlite3.c,defragmentPage,Big_Numbers3
clang-a64,O3,sqlite,sqlite3.c,rebuildPage,Big_Numbers3
clang-a64,O3,sqlite,sqlite3.c,insertCell,Big_Numbers3
clang-a64,O3,sqlite,sqlite3.c,editPage,Big_Numbers3
clang-a64,O3,sqlite,sqlite3.c,pageInsertArray,Big_Numbers3
clang-a64,O3,sqlite,sqlite3.c,corruptSchema,Big_Numbers3
clang-a64,O3,sqlite,sqlite3.c,sqlite3CreateIndex,Big_Numbers3
clang-a64,O3,sqlite,sqlite3.c,dropColumnFunc,Big_Numbers3
clang-a64,O3,sqlite,sqlite3.c,renameParseSql,Big_Numbers3
clang-a64,O3,sqlite,sqlite3.c,timediffFunc,Big_Numbers1
clang-a64,O3,sqlite,sqlite3.c,jsonTranslateBlobToText,Big_Numbers1
clang-a64,O3,sqlite,sqlite3.c,jsonAppendString,Big_Numbers1
clang-a64,Os,sqlite,sqlite3.c,sqlite3_status64,Big_Numbers3
clang-a64,Os,sqlite,sqlite3.c,sqlite3_str_vappendf,Big_Numbers1
clang-a64,Os,sqlite,sqlite3.c,sqlite3_randomness,salsa20
clang-a64,Os,sqlite,sqlite3.c,unixOpen,Big_Numbers3
clang-a64,Os,sqlite,sqlite3.c,unixFullPathname,Big_Numbers3
clang-a64,Os,sqlite,sqlite3.c,sqlite3_step,Big_Numbers3
clang-a64,Os,sqlite,sqlite3.c,sqlite3_exec,Big_Numbers3
clang-a64,Os,sqlite,sqlite3.c,sqlite3_finalize,Big_Numbers3
clang-a64,Os,sqlite,sqlite3.c,sqlite3BtreeCommitPhaseOne,Big_Numbers3
clang-a64,Os,sqlite,sqlite3.c,valueFromValueList,Big_Numbers3
clang-a64,Os,sqlite,sqlite3.c,vdbeUnbind,Big_Numbers3
clang-a64,Os,sqlite,sqlite3.c,blobReadWrite,Big_Numbers3
clang-a64,Os,sqlite,sqlite3.c,sqlite3_blob_reopen,Big_Numbers3
clang-a64,Os,sqlite,sqlite3.c,sqlite3_errmsg,Big_Numbers3
clang-a64,Os,sqlite,sqlite3.c,sqlite3LockAndPrepare,Big_Numbers3
clang-a64,Os,sqlite,sqlite3.c,sqlite3Prepare16,Big_Numbers3
clang-a64,Os,sqlite,sqlite3.c,sqlite3_declare_vtab,Big_Numbers3
clang-a64,Os,sqlite,sqlite3.c,sqlite3_vtab_config,Big_Numbers3
clang-a64,Os,sqlite,sqlite3.c,sqlite3_vtab_rhs_value,Big_Numbers3
clang-a64,Os,sqlite,sqlite3.c,sqlite3_config,Big_Numbers3
clang-a64,Os,sqlite,sqlite3.c,sqlite3Close,Big_Numbers3
clang-a64,Os,sqlite,sqlite3.c,sqlite3CreateFunc,Big_Numbers3
clang-a64,Os,sqlite,sqlite3.c,sqlite3_wal_checkpoint_v2,Big_Numbers3
clang-a64,Os,sqlite,sqlite3.c,sqlite3_errcode,Big_Numbers3
clang-a64,Os,sqlite,sqlite3.c,sqlite3_extended_errcode,Big_Numbers3
clang-a64,Os,sqlite,sqlite3.c,openDatabase,Big_Numbers3
clang-a64,Os,sqlite,sqlite3.c,createCollation,Big_Numbers3
clang-a64,Os,sqlite,sqlite3.c,sqlite3LogEst,salsa20
clang-a64,Os,sqlite,sqlite3.c,unixShmMap,Big_Numbers3
clang-a64,Os,sqlite,sqlite3.c,openDirectory,Big_Numbers3
clang-a64,Os,sqlite,sqlite3.c,appendAllPathElements,Big_Numbers3
clang-a64,Os,sqlite,sqlite3.c,sqlite3BtreeOpen,Big_Numbers3
clang-a64,Os,sqlite,sqlite3.c,pagerWalFrames,Big_Numbers3
clang-a64,Os,sqlite,sqlite3.c,walFindFrame,Big_Numbers3
clang-a64,Os,sqlite,sqlite3.c,walIndexAppend,Big_Numbers3
clang-a64,Os,sqlite,sqlite3.c,walIndexReadHdr,Big_Numbers3
clang-a64,Os,sqlite,sqlite3.c,getPageMMap,Big_Numbers3
clang-a64,Os,sqlite,sqlite3.c,getPageNormal,Big_Numbers3
clang-a64,Os,sqlite,sqlite3.c,btreeInitPage,Big_Numbers3
clang-a64,Os,sqlite,sqlite3.c,decodeFlags,Big_Numbers3
clang-a64,Os,sqlite,sqlite3.c,btreeCellSizeCheck,Big_Numbers3
clang-a64,Os,sqlite,sqlite3.c,sqlite3WalCheckpoint,Big_Numbers3
clang-a64,Os,sqlite,sqlite3.c,btreeBeginTrans,Big_Numbers3
clang-a64,Os,sqlite,sqlite3.c,sqlite3PagerSharedLock,Big_Numbers3
clang-a64,Os,sqlite,sqlite3.c,incrVacuumStep,Big_Numbers3
clang-a64,Os,sqlite,sqlite3.c,accessPayload,Big_Numbers3
clang-a64,Os,sqlite,sqlite3.c,ptrmapGet,Big_Numbers3
clang-a64,Os,sqlite,sqlite3.c,allocateBtreePage,Big_Numbers3
clang-a64,Os,sqlite,sqlite3.c,relocatePage,Big_Numbers3
clang-a64,Os,sqlite,sqlite3.c,btreeGetUnusedPage,Big_Numbers3
clang-a64,Os,sqlite,sqlite3.c,ptrmapPut,Big_Numbers3
clang-a64,Os,sqlite,sqlite3.c,modifyPagePointer,Big_Numbers3
clang-a64,Os,sqlite,sqlite3.c,ptrmapPutOvflPtr,Big_Numbers3
clang-a64,Os,sqlite,sqlite3.c,sqlite3VdbeExec,Big_Numbers0|Big_Numbers3
clang-a64,Os,sqlite,sqlite3.c,sqlite3VdbeFinishMoveto,Big_Numbers3
clang-a64,Os,sqlite,sqlite3.c,sqlite3BtreeCreateTable,Big_Numbers3
clang-a64,Os,sqlite,sqlite3.c,sqlite3BtreeTableMoveto,Big_Numbers3
clang-a64,Os,sqlite,sqlite3.c,sqlite3BtreeIndexMoveto,Big_Numbers3
clang-a64,Os,sqlite,sqlite3.c,sqlite3BtreeInsert,Big_Numbers3
clang-a64,Os,sqlite,sqlite3.c,sqlite3BtreeDelete,Big_Numbers3
clang-a64,Os,sqlite,sqlite3.c,sqlite3VdbeIdxRowid,Big_Numbers3
clang-a64,Os,sqlite,sqlite3.c,sqlite3VdbeRecordCompareWithSkip,Big_Numbers3
clang-a64,Os,sqlite,sqlite3.c,btreeMoveto,Big_Numbers3
clang-a64,Os,sqlite,sqlite3.c,sqlite3VdbeMemFromBtree,Big_Numbers3
clang-a64,Os,sqlite,sqlite3.c,moveToRoot,Big_Numbers3
clang-a64,Os,sqlite,sqlite3.c,moveToChild,Big_Numbers3
clang-a64,Os,sqlite,sqlite3.c,getAndInitPage,Big_Numbers3
clang-a64,Os,sqlite,sqlite3.c,btreeCursor,Big_Numbers3
clang-a64,Os,sqlite,sqlite3.c,clearDatabasePage,Big_Numbers3
clang-a64,Os,sqlite,sqlite3.c,clearCellOverflow,Big_Numbers3
clang-a64,Os,sqlite,sqlite3.c,freePage2,Big_Numbers3
clang-a64,Os,sqlite,sqlite3.c,vdbeRecordCompareString,Big_Numbers3
clang-a64,Os,sqlite,sqlite3.c,btreeNext,Big_Numbers3
clang-a64,Os,sqlite,sqlite3.c,btreePrevious,Big_Numbers3
clang-a64,Os,sqlite,sqlite3.c,btreeOverwriteCell,Big_Numbers3
clang-a64,Os,sqlite,sqlite3.c,btreeComputeFreeSpace,Big_Numbers3
clang-a64,Os,sqlite,sqlite3.c,dropCell,Big_Numbers3
clang-a64,Os,sqlite,sqlite3.c,balance,Big_Numbers3
clang-a64,Os,sqlite,sqlite3.c,btreeOverwriteOverflowCell,Big_Numbers3
clang-a64,Os,sqlite,sqlite3.c,freeSpace,Big_Numbers3
clang-a64,Os,sqlite,sqlite3.c,pageFindSlot,Big_Numbers3
clang-a64,Os,sqlite,sqlite3.c,defragmentPage,Big_Numbers3
clang-a64,Os,sqlite,sqlite3.c,rebuildPage,Big_Numbers3
clang-a64,Os,sqlite,sqlite3.c,insertCell,Big_Numbers3
clang-a64,Os,sqlite,sqlite3.c,editPage,Big_Numbers3
clang-a64,Os,sqlite,sqlite3.c,pageInsertArray,Big_Numbers3
clang-a64,Os,sqlite,sqlite3.c,corruptSchema,Big_Numbers3
clang-a64,Os,sqlite,sqlite3.c,sqlite3CreateIndex,Big_Numbers3
clang-a64,Os,sqlite,sqlite3.c,dropColumnFunc,Big_Numbers3
clang-a64,Os,sqlite,sqlite3.c,renameParseSql,Big_Numbers3
clang-a64,Os,sqlite,sqlite3.c,timediffFunc,Big_Numbers1
clang-a64,Os,sqlite,sqlite3.c,jsonAppendControlChar,Big_Numbers1
clang-arm32,O0,sqlite,sqlite3.c,sqlite3_str_vappendf,Big_Numbers1|salsa20
clang-arm32,O0,sqlite,sqlite3.c,sqlite3_randomness,salsa20
clang-arm32,O0,sqlite,sqlite3.c,sqlite3StrICmp,salsa20
clang-arm32,O0,sqlite,sqlite3.c,sqlite3_strnicmp,salsa20
clang-arm32,O0,sqlite,sqlite3.c,patternCompare,salsa20
clang-arm32,O0,sqlite,sqlite3.c,sqlite3LoadExtension,salsa20
clang-arm32,O0,sqlite,sqlite3.c,sqlite3FindFunction,salsa20
clang-arm32,O0,sqlite,sqlite3.c,unixSync,Big_Numbers3
clang-arm32,O0,sqlite,sqlite3.c,sqlite3VdbeSerialGet,Big_Numbers0
clang-arm32,O0,sqlite,sqlite3.c,sqlite3InitCallback,salsa20
clang-arm32,O0,sqlite,sqlite3.c,strHash,salsa20
clang-arm32,O0,sqlite,sqlite3.c,sqlite3AffinityType,salsa20
clang-arm32,O0,sqlite,sqlite3.c,keywordCode,salsa20
clang-arm32,O0,sqlite,sqlite3.c,sqlite3Pragma,salsa20
clang-arm32,O0,sqlite,sqlite3.c,sqlite3StrIHash,salsa20
clang-arm32,O0,sqlite,sqlite3.c,exprAnalyze,salsa20
clang-arm32,O0,sqlite,sqlite3.c,lowerFunc,salsa20
clang-arm32,O0,sqlite,sqlite3.c,parseModifier,salsa20
clang-arm32,O2,sqlite,sqlite3.c,sqlite3_str_vappendf,Big_Numbers1
clang-arm32,O2,sqlite,sqlite3.c,sqlite3_randomness,salsa20
clang-arm32,O2,sqlite,sqlite3.c,sqlite3_test_control,salsa20
clang-arm32,O2,sqlite,sqlite3.c,sqlite3LogEst,salsa20
clang-arm32,O2,sqlite,sqlite3.c,sqlite3VdbeExec,Big_Numbers0
clang-arm32,O2,sqlite,sqlite3.c,decodeIntArray,salsa20
clang-arm32,O2,sqlite,sqlite3.c,sqlite3EndTable,salsa20
clang-arm32,O2,sqlite,sqlite3.c,estimateIndexWidth,salsa20
clang-arm32,O2,sqlite,sqlite3.c,computeLimitRegisters,salsa20
clang-arm32,O2,sqlite,sqlite3.c,wherePathSolver,salsa20
clang-arm32,O2,sqlite,sqlite3.c,whereClauseInsert,salsa20
clang-arm32,O2,sqlite,sqlite3.c,whereLoopAddVirtualOne,salsa20
clang-arm32,O2,sqlite,sqlite3.c,estLog,salsa20
clang-arm32,O2,sqlite,sqlite3.c,whereLoopAddBtreeIndex,salsa20
clang-arm32,O2,sqlite,sqlite3.c,timediffFunc,Big_Numbers1
clang-arm32,O2,sqlite,sqlite3.c,jsonTranslateBlobToText,Big_Numbers1
clang-arm32,O2,sqlite,sqlite3.c,jsonAppendString,Big_Numbers1
clang-arm32,O3,sqlite,sqlite3.c,sqlite3_str_vappendf,Big_Numbers1
clang-arm32,O3,sqlite,sqlite3.c,sqlite3_randomness,salsa20
clang-arm32,O3,sqlite,sqlite3.c,sqlite3_test_control,salsa20
clang-arm32,O3,sqlite,sqlite3.c,sqlite3LogEst,salsa20
clang-arm32,O3,sqlite,sqlite3.c,sqlite3VdbeExec,Big_Numbers0
clang-arm32,O3,sqlite,sqlite3.c,decodeIntArray,salsa20
clang-arm32,O3,sqlite,sqlite3.c,sqlite3EndTable,salsa20
clang-arm32,O3,sqlite,sqlite3.c,estimateIndexWidth,salsa20
clang-arm32,O3,sqlite,sqlite3.c,computeLimitRegisters,salsa20
clang-arm32,O3,sqlite,sqlite3.c,wherePathSolver,salsa20
clang-arm32,O3,sqlite,sqlite3.c,whereClauseInsert,salsa20
clang-arm32,O3,sqlite,sqlite3.c,whereLoopAddVirtualOne,salsa20
clang-arm32,O3,sqlite,sqlite3.c,estLog,salsa20
clang-arm32,O3,sqlite,sqlite3.c,whereLoopAddBtreeIndex,salsa20
clang-arm32,O3,sqlite,sqlite3.c,timediffFunc,Big_Numbers1
clang-arm32,O3,sqlite,sqlite3.c,jsonTranslateBlobToText,Big_Numbers1
clang-arm32,O3,sqlite,sqlite3.c,jsonAppendString,Big_Numbers1
clang-arm32,Os,sqlite,sqlite3.c,sqlite3_str_vappendf,Big_Numbers1
clang-arm32,Os,sqlite,sqlite3.c,sqlite3_randomness,salsa20
clang-arm32,Os,sqlite,sqlite3.c,sqlite3LogEst,salsa20
clang-arm32,Os,sqlite,sqlite3.c,sqlite3VdbeExec,Big_Numbers0
clang-arm32,Os,sqlite,sqlite3.c,timediffFunc,Big_Numbers1
clang-arm32,Os,sqlite,sqlite3.c,jsonAppendControlChar,Big_Numbers1
clang-x64,O0,wolfssl,wolfcrypt/src/aes.c,AesSetKey_C,RijnDael_AES
clang-x64,O0,wolfssl,wolfcrypt/src/aes.c,AesEncrypt_C,RijnDael_AES
clang-x64,O0,wolfssl,wolfcrypt/src/aes.c,PreFetchTe,RijnDael_AES
clang-x64,O0,wolfssl,wolfcrypt/src/aes.c,AesDecrypt_C,RijnDael_AES_LONG_inv
clang-x64,O0,wolfssl,wolfcrypt/src/aes.c,PreFetchTd4,RijnDael_AES_LONG_inv
clang-x64,O2,wolfssl,wolfcrypt/src/aes.c,wc_AesSetKeyLocal,RijnDael_AES
clang-x64,O2,wolfssl,wolfcrypt/src/aes.c,wc_AesEncrypt,RijnDael_AES
clang-x64,O2,wolfssl,wolfcrypt/src/aes.c,wc_AesDecrypt,RijnDael_AES_LONG_inv
clang-x64,O3,wolfssl,wolfcrypt/src/aes.c,wc_AesSetKeyLocal,RijnDael_AES
clang-x64,O3,wolfssl,wolfcrypt/src/aes.c,wc_AesEncrypt,RijnDael_AES
clang-x64,O3,wolfssl,wolfcrypt/src/aes.c,wc_AesDecrypt,RijnDael_AES_LONG_inv
clang-x64,Os,wolfssl,wolfcrypt/src/aes.c,wc_AesSetKeyLocal,RijnDael_AES
clang-x64,Os,wolfssl,wolfcrypt/src/aes.c,wc_AesEncrypt,RijnDael_AES
clang-x64,Os,wolfssl,wolfcrypt/src/aes.c,wc_AesDecrypt,RijnDael_AES_LONG_inv
clang-a64,O0,wolfssl,wolfcrypt/src/aes.c,AesSetKey_C,RijnDael_AES
clang-a64,O0,wolfssl,wolfcrypt/src/aes.c,AesEncrypt_C,RijnDael_AES
clang-a64,O0,wolfssl,wolfcrypt/src/aes.c,PreFetchTe,RijnDael_AES
clang-a64,O0,wolfssl,wolfcrypt/src/aes.c,AesDecrypt_C,RijnDael_AES_LONG_inv
clang-a64,O0,wolfssl,wolfcrypt/src/aes.c,PreFetchTd4,RijnDael_AES_LONG_inv
clang-a64,O2,wolfssl,wolfcrypt/src/aes.c,wc_AesSetKeyLocal,RijnDael_AES
clang-a64,O2,wolfssl,wolfcrypt/src/aes.c,wc_AesEncrypt,RijnDael_AES
clang-a64,O2,wolfssl,wolfcrypt/src/aes.c,wc_AesDecrypt,RijnDael_AES_LONG_inv
clang-a64,O3,wolfssl,wolfcrypt/src/aes.c,wc_AesSetKeyLocal,RijnDael_AES
clang-a64,O3,wolfssl,wolfcrypt/src/aes.c,wc_AesEncrypt,RijnDael_AES
clang-a64,O3,wolfssl,wolfcrypt/src/aes.c,wc_AesDecrypt,RijnDael_AES_LONG_inv
clang-a64,Os,wolfssl,wolfcrypt/src/aes.c,wc_AesSetKeyLocal,RijnDael_AES
clang-a64,Os,wolfssl,wolfcrypt/src/aes.c,wc_AesEncrypt,RijnDael_AES
clang-a64,Os,wolfssl,wolfcrypt/src/aes.c,wc_AesDecrypt,RijnDael_AES_LONG_inv
clang-arm32,O0,wolfssl,wolfcrypt/src/aes.c,AesSetKey_C,RijnDael_AES
clang-arm32,O0,wolfssl,wolfcrypt/src/aes.c,AesEncrypt_C,RijnDael_AES
clang-arm32,O0,wolfssl,wolfcrypt/src/aes.c,PreFetchTe,RijnDael_AES
clang-arm32,O0,wolfssl,wolfcrypt/src/aes.c,AesDecrypt_C,RijnDael_AES_LONG_inv
clang-arm32,O0,wolfssl,wolfcrypt/src/aes.c,PreFetchTd4,RijnDael_AES_LONG_inv
clang-arm32,O2,wolfssl,wolfcrypt/src/aes.c,wc_AesSetKeyLocal,RijnDael_AES
clang-arm32,O2,wolfssl,wolfcrypt/src/aes.c,wc_AesEncrypt,RijnDael_AES
clang-arm32,O2,wolfssl,wolfcrypt/src/aes.c,wc_AesDecrypt,RijnDael_AES_LONG_inv
clang-arm32,O3,wolfssl,wolfcrypt/src/aes.c,wc_AesSetKeyLocal,RijnDael_AES
clang-arm32,O3,wolfssl,wolfcrypt/src/aes.c,wc_AesEncrypt,RijnDael_AES
clang-arm32,O3,wolfssl,wolfcrypt/src/aes.c,wc_AesDecrypt,RijnDael_AES_LONG_inv
clang-arm32,Os,wolfssl,wolfcrypt/src/aes.c,wc_AesSetKeyLocal,RijnDael_AES
clang-arm32,Os,wolfssl,wolfcrypt/src/aes.c,wc_AesEncrypt,RijnDael_AES
clang-arm32,Os,wolfssl,wolfcrypt/src/aes.c,wc_AesDecrypt,RijnDael_AES_LONG_inv
clang-x64,O0,wolfssl,wolfcrypt/src/blake2b.c,blake2b_init0,SHA256_Constants
clang-x64,O0,wolfssl,wolfcrypt/src/blake2b.c,blake2b_compress,SHA256_Constants
clang-x64,O2,wolfssl,wolfcrypt/src/blake2b.c,blake2b_init_param,SHA256_Constants
clang-x64,O2,wolfssl,wolfcrypt/src/blake2b.c,blake2b_init,SHA256_Constants
clang-x64,O2,wolfssl,wolfcrypt/src/blake2b.c,blake2b_init_key,SHA256_Constants
clang-x64,O2,wolfssl,wolfcrypt/src/blake2b.c,blake2b_compress,SHA256_Constants
clang-x64,O2,wolfssl,wolfcrypt/src/blake2b.c,blake2b,SHA256_Constants
clang-x64,O2,wolfssl,wolfcrypt/src/blake2b.c,wc_InitBlake2b,SHA256_Constants
clang-x64,O2,wolfssl,wolfcrypt/src/blake2b.c,wc_InitBlake2b_WithKey,SHA256_Constants
clang-x64,O3,wolfssl,wolfcrypt/src/blake2b.c,blake2b_init_param,SHA256_Constants
clang-x64,O3,wolfssl,wolfcrypt/src/blake2b.c,blake2b_init,SHA256_Constants
clang-x64,O3,wolfssl,wolfcrypt/src/blake2b.c,blake2b_init_key,SHA256_Constants
clang-x64,O3,wolfssl,wolfcrypt/src/blake2b.c,blake2b_compress,SHA256_Constants
clang-x64,O3,wolfssl,wolfcrypt/src/blake2b.c,blake2b,SHA256_Constants
clang-x64,O3,wolfssl,wolfcrypt/src/blake2b.c,wc_InitBlake2b,SHA256_Constants
clang-x64,O3,wolfssl,wolfcrypt/src/blake2b.c,wc_InitBlake2b_WithKey,SHA256_Constants
clang-x64,Os,wolfssl,wolfcrypt/src/blake2b.c,blake2b_compress,SHA256_Constants
clang-x64,Os,wolfssl,wolfcrypt/src/blake2b.c,blake2b_init_param,SHA256_Constants
clang-x64,Os,wolfssl,wolfcrypt/src/blake2b.c,blake2b_init,SHA256_Constants
clang-x64,Os,wolfssl,wolfcrypt/src/blake2b.c,blake2b_init_key,SHA256_Constants
clang-a64,O0,wolfssl,wolfcrypt/src/blake2b.c,blake2b_init0,SHA256_Constants
clang-a64,O0,wolfssl,wolfcrypt/src/blake2b.c,blake2b_compress,SHA256_Constants
clang-a64,O2,wolfssl,wolfcrypt/src/blake2b.c,blake2b_init_param,SHA256_Constants
clang-a64,O2,wolfssl,wolfcrypt/src/blake2b.c,blake2b_init,SHA256_Constants
clang-a64,O2,wolfssl,wolfcrypt/src/blake2b.c,blake2b_init_key,SHA256_Constants
clang-a64,O2,wolfssl,wolfcrypt/src/blake2b.c,blake2b_compress,SHA256_Constants
clang-a64,O2,wolfssl,wolfcrypt/src/blake2b.c,blake2b,SHA256_Constants
clang-a64,O2,wolfssl,wolfcrypt/src/blake2b.c,wc_InitBlake2b,SHA256_Constants
clang-a64,O2,wolfssl,wolfcrypt/src/blake2b.c,wc_InitBlake2b_WithKey,SHA256_Constants
clang-a64,O3,wolfssl,wolfcrypt/src/blake2b.c,blake2b_init_param,SHA256_Constants
clang-a64,O3,wolfssl,wolfcrypt/src/blake2b.c,blake2b_init,SHA256_Constants
clang-a64,O3,wolfssl,wolfcrypt/src/blake2b.c,blake2b_init_key,SHA256_Constants
clang-a64,O3,wolfssl,wolfcrypt/src/blake2b.c,blake2b_compress,SHA256_Constants
clang-a64,O3,wolfssl,wolfcrypt/src/blake2b.c,blake2b,SHA256_Constants
clang-a64,O3,wolfssl,wolfcrypt/src/blake2b.c,wc_InitBlake2b,SHA256_Constants
clang-a64,O3,wolfssl,wolfcrypt/src/blake2b.c,wc_InitBlake2b_WithKey,SHA256_Constants
clang-a64,Os,wolfssl,wolfcrypt/src/blake2b.c,blake2b_init_param,SHA256_Constants
clang-a64,Os,wolfssl,wolfcrypt/src/blake2b.c,blake2b_init,SHA256_Constants
clang-a64,Os,wolfssl,wolfcrypt/src/blake2b.c,blake2b_init_key,SHA256_Constants
clang-a64,Os,wolfssl,wolfcrypt/src/blake2b.c,blake2b_compress,SHA256_Constants
clang-arm32,O0,wolfssl,wolfcrypt/src/blake2b.c,blake2b_init0,SHA256_Constants
clang-arm32,O0,wolfssl,wolfcrypt/src/blake2b.c,blake2b_compress,SHA256_Constants
clang-arm32,O2,wolfssl,wolfcrypt/src/blake2b.c,blake2b_compress,SHA256_Constants
clang-arm32,O2,wolfssl,wolfcrypt/src/blake2b.c,blake2b_init,SHA256_Constants
clang-arm32,O2,wolfssl,wolfcrypt/src/blake2b.c,blake2b_init_key,SHA256_Constants
clang-arm32,O2,wolfssl,wolfcrypt/src/blake2b.c,blake2b,SHA256_Constants
clang-arm32,O2,wolfssl,wolfcrypt/src/blake2b.c,wc_InitBlake2b,SHA256_Constants
clang-arm32,O2,wolfssl,wolfcrypt/src/blake2b.c,wc_InitBlake2b_WithKey,SHA256_Constants
clang-arm32,O2,wolfssl,wolfcrypt/src/blake2b.c,blake2b_init_param,SHA256_Constants
clang-arm32,O3,wolfssl,wolfcrypt/src/blake2b.c,blake2b_compress,SHA256_Constants
clang-arm32,O3,wolfssl,wolfcrypt/src/blake2b.c,blake2b_init,SHA256_Constants
clang-arm32,O3,wolfssl,wolfcrypt/src/blake2b.c,blake2b_init_key,SHA256_Constants
clang-arm32,O3,wolfssl,wolfcrypt/src/blake2b.c,blake2b,SHA256_Constants
clang-arm32,O3,wolfssl,wolfcrypt/src/blake2b.c,wc_InitBlake2b,SHA256_Constants
clang-arm32,O3,wolfssl,wolfcrypt/src/blake2b.c,wc_InitBlake2b_WithKey,SHA256_Constants
clang-arm32,O3,wolfssl,wolfcrypt/src/blake2b.c,blake2b_init_param,SHA256_Constants
clang-arm32,Os,wolfssl,wolfcrypt/src/blake2b.c,blake2b_compress,SHA256_Constants
clang-arm32,Os,wolfssl,wolfcrypt/src/blake2b.c,blake2b_init_param,SHA256_Constants
clang-arm32,Os,wolfssl,wolfcrypt/src/blake2b.c,blake2b_init,SHA256_Constants
clang-arm32,Os,wolfssl,wolfcrypt/src/blake2b.c,blake2b_init_key,SHA256_Constants
clang-x64,O0,wolfssl,wolfcrypt/src/chacha.c,wc_Chacha_SetKey,salsa20
clang-a64,O0,wolfssl,wolfcrypt/src/chacha.c,wc_Chacha_SetKey,salsa20
clang-arm32,O0,wolfssl,wolfcrypt/src/chacha.c,wc_Chacha_SetKey,salsa20
clang-x64,O0,wolfssl,wolfcrypt/src/coding.c,CEscape,BASE64_table
clang-x64,O2,wolfssl,wolfcrypt/src/coding.c,DoBase64_Encode,BASE64_table
clang-x64,O3,wolfssl,wolfcrypt/src/coding.c,DoBase64_Encode,BASE64_table
clang-x64,Os,wolfssl,wolfcrypt/src/coding.c,CEscape,BASE64_table
clang-a64,O0,wolfssl,wolfcrypt/src/coding.c,CEscape,BASE64_table
clang-a64,O2,wolfssl,wolfcrypt/src/coding.c,DoBase64_Encode,BASE64_table
clang-a64,O3,wolfssl,wolfcrypt/src/coding.c,DoBase64_Encode,BASE64_table
clang-a64,Os,wolfssl,wolfcrypt/src/coding.c,CEscape,BASE64_table
clang-arm32,O0,wolfssl,wolfcrypt/src/coding.c,CEscape,BASE64_table
clang-arm32,O2,wolfssl,wolfcrypt/src/coding.c,DoBase64_Encode,BASE64_table
clang-arm32,O3,wolfssl,wolfcrypt/src/coding.c,DoBase64_Encode,BASE64_table
clang-arm32,Os,wolfssl,wolfcrypt/src/coding.c,CEscape,BASE64_table
clang-x64,O0,wolfssl,wolfcrypt/src/des3.c,DesRawProcessBlock,DES_sbox
clang-x64,O2,wolfssl,wolfcrypt/src/des3.c,DesRawProcessBlock,DES_sbox
clang-x64,O3,wolfssl,wolfcrypt/src/des3.c,DesRawProcessBlock,DES_sbox
clang-x64,Os,wolfssl,wolfcrypt/src/des3.c,DesRawProcessBlock,DES_sbox
clang-a64,O0,wolfssl,wolfcrypt/src/des3.c,DesRawProcessBlock,DES_sbox
clang-a64,O2,wolfssl,wolfcrypt/src/des3.c,DesRawProcessBlock,DES_sbox
clang-a64,O3,wolfssl,wolfcrypt/src/des3.c,DesRawProcessBlock,DES_sbox
clang-a64,Os,wolfssl,wolfcrypt/src/des3.c,DesRawProcessBlock,DES_sbox
clang-arm32,O0,wolfssl,wolfcrypt/src/des3.c,DesRawProcessBlock,DES_sbox
clang-arm32,O2,wolfssl,wolfcrypt/src/des3.c,DesRawProcessBlock,DES_sbox
clang-arm32,O3,wolfssl,wolfcrypt/src/des3.c,DesRawProcessBlock,DES_sbox
clang-arm32,Os,wolfssl,wolfcrypt/src/des3.c,DesRawProcessBlock,DES_sbox
clang-x64,O0,wolfssl,wolfcrypt/src/dilithium.c,dilithium_get_params,NTT_ML-DSA
clang-x64,O0,wolfssl,wolfcrypt/src/dilithium.c,dilithium_ntt_small,NTT_ML-DSA
clang-x64,O0,wolfssl,wolfcrypt/src/dilithium.c,dilithium_ntt,NTT_ML-DSA
clang-x64,O2,wolfssl,wolfcrypt/src/dilithium.c,wc_dilithium_set_level,NTT_ML-DSA
clang-x64,O2,wolfssl,wolfcrypt/src/dilithium.c,dilithium_vec_ntt,NTT_ML-DSA
clang-x64,O2,wolfssl,wolfcrypt/src/dilithium.c,dilithium_ntt_small,NTT_ML-DSA
clang-x64,O3,wolfssl,wolfcrypt/src/dilithium.c,wc_dilithium_set_level,NTT_ML-DSA
clang-x64,O3,wolfssl,wolfcrypt/src/dilithium.c,dilithium_vec_ntt,NTT_ML-DSA
clang-x64,O3,wolfssl,wolfcrypt/src/dilithium.c,dilithium_ntt_small,NTT_ML-DSA
clang-x64,Os,wolfssl,wolfcrypt/src/dilithium.c,wc_dilithium_set_level,NTT_ML-DSA
clang-x64,Os,wolfssl,wolfcrypt/src/dilithium.c,dilithium_vec_ntt,NTT_ML-DSA
clang-x64,Os,wolfssl,wolfcrypt/src/dilithium.c,dilithium_ntt_small,NTT_ML-DSA
clang-a64,O0,wolfssl,wolfcrypt/src/dilithium.c,dilithium_get_params,NTT_ML-DSA
clang-a64,O0,wolfssl,wolfcrypt/src/dilithium.c,dilithium_ntt_small,NTT_ML-DSA
clang-a64,O0,wolfssl,wolfcrypt/src/dilithium.c,dilithium_ntt,NTT_ML-DSA
clang-a64,O2,wolfssl,wolfcrypt/src/dilithium.c,wc_dilithium_set_level,NTT_ML-DSA
clang-a64,O2,wolfssl,wolfcrypt/src/dilithium.c,dilithium_vec_ntt,NTT_ML-DSA
clang-a64,O2,wolfssl,wolfcrypt/src/dilithium.c,dilithium_ntt_small,NTT_ML-DSA
clang-a64,O3,wolfssl,wolfcrypt/src/dilithium.c,wc_dilithium_set_level,NTT_ML-DSA
clang-a64,O3,wolfssl,wolfcrypt/src/dilithium.c,dilithium_vec_ntt,NTT_ML-DSA
clang-a64,O3,wolfssl,wolfcrypt/src/dilithium.c,dilithium_ntt_small,NTT_ML-DSA
clang-a64,Os,wolfssl,wolfcrypt/src/dilithium.c,wc_dilithium_set_level,NTT_ML-DSA
clang-a64,Os,wolfssl,wolfcrypt/src/dilithium.c,dilithium_vec_ntt,NTT_ML-DSA
clang-a64,Os,wolfssl,wolfcrypt/src/dilithium.c,dilithium_ntt_small,NTT_ML-DSA
clang-arm32,O0,wolfssl,wolfcrypt/src/dilithium.c,dilithium_get_params,NTT_ML-DSA
clang-arm32,O0,wolfssl,wolfcrypt/src/dilithium.c,dilithium_ntt_small,NTT_ML-DSA
clang-arm32,O0,wolfssl,wolfcrypt/src/dilithium.c,dilithium_ntt,NTT_ML-DSA
clang-arm32,O2,wolfssl,wolfcrypt/src/dilithium.c,wc_dilithium_set_level,NTT_ML-DSA
clang-arm32,O2,wolfssl,wolfcrypt/src/dilithium.c,dilithium_vec_ntt,NTT_ML-DSA
clang-arm32,O2,wolfssl,wolfcrypt/src/dilithium.c,dilithium_ntt_small,NTT_ML-DSA
clang-arm32,O3,wolfssl,wolfcrypt/src/dilithium.c,wc_dilithium_set_level,NTT_ML-DSA
clang-arm32,O3,wolfssl,wolfcrypt/src/dilithium.c,dilithium_vec_ntt,NTT_ML-DSA
clang-arm32,O3,wolfssl,wolfcrypt/src/dilithium.c,dilithium_ntt_small,NTT_ML-DSA
clang-arm32,Os,wolfssl,wolfcrypt/src/dilithium.c,wc_dilithium_set_level,NTT_ML-DSA
clang-arm32,Os,wolfssl,wolfcrypt/src/dilithium.c,dilithium_vec_ntt,NTT_ML-DSA
clang-arm32,Os,wolfssl,wolfcrypt/src/dilithium.c,dilithium_ntt_small,NTT_ML-DSA
clang-x64,O2,wolfssl,wolfcrypt/src/hmac.c,wc_HmacSetKey_ex,Big_Numbers0
clang-x64,O3,wolfssl,wolfcrypt/src/hmac.c,wc_HmacSetKey_ex,Big_Numbers0
clang-x64,O0,wolfssl,wolfcrypt/src/md5.c,InitMd5,MD5_Constants
clang-x64,O0,wolfssl,wolfcrypt/src/md5.c,Transform,MD5_Constants
clang-x64,O2,wolfssl,wolfcrypt/src/md5.c,Transform,MD5_Constants
clang-x64,O2,wolfssl,wolfcrypt/src/md5.c,wc_InitMd5_ex,MD5_Constants
clang-x64,O2,wolfssl,wolfcrypt/src/md5.c,wc_Md5Final,MD5_Constants
clang-x64,O2,wolfssl,wolfcrypt/src/md5.c,wc_InitMd5,MD5_Constants
clang-x64,O3,wolfssl,wolfcrypt/src/md5.c,Transform,MD5_Constants
clang-x64,O3,wolfssl,wolfcrypt/src/md5.c,wc_InitMd5_ex,MD5_Constants
clang-x64,O3,wolfssl,wolfcrypt/src/md5.c,wc_Md5Final,MD5_Constants
clang-x64,O3,wolfssl,wolfcrypt/src/md5.c,wc_InitMd5,MD5_Constants
clang-x64,Os,wolfssl,wolfcrypt/src/md5.c,Transform,MD5_Constants
clang-x64,Os,wolfssl,wolfcrypt/src/md5.c,wc_InitMd5_ex,MD5_Constants
clang-x64,Os,wolfssl,wolfcrypt/src/md5.c,wc_Md5Final,MD5_Constants
clang-x64,Os,wolfssl,wolfcrypt/src/md5.c,wc_InitMd5,MD5_Constants
clang-arm32,O0,wolfssl,wolfcrypt/src/md5.c,InitMd5,MD5_Constants
clang-arm32,O0,wolfssl,wolfcrypt/src/md5.c,Transform,MD5_Constants
clang-x64,O0,wolfssl,wolfcrypt/src/ripemd.c,wc_InitRipeMd,RIPEMD160_Constants|SHA1_Constants
clang-x64,O2,wolfssl,wolfcrypt/src/ripemd.c,wc_InitRipeMd,RIPEMD160_Constants|SHA1_Constants
clang-x64,O2,wolfssl,wolfcrypt/src/ripemd.c,wc_RipeMdFinal,RIPEMD160_Constants|SHA1_Constants
clang-x64,O3,wolfssl,wolfcrypt/src/ripemd.c,wc_InitRipeMd,RIPEMD160_Constants|SHA1_Constants
clang-x64,O3,wolfssl,wolfcrypt/src/ripemd.c,wc_RipeMdFinal,RIPEMD160_Constants|SHA1_Constants
clang-x64,Os,wolfssl,wolfcrypt/src/ripemd.c,wc_InitRipeMd,RIPEMD160_Constants|SHA1_Constants
clang-x64,Os,wolfssl,wolfcrypt/src/ripemd.c,wc_RipeMdFinal,RIPEMD160_Constants|SHA1_Constants
clang-a64,O2,wolfssl,wolfcrypt/src/ripemd.c,wc_InitRipeMd,RIPEMD160_Constants|SHA1_Constants
clang-a64,O2,wolfssl,wolfcrypt/src/ripemd.c,wc_RipeMdFinal,RIPEMD160_Constants|SHA1_Constants
clang-a64,O3,wolfssl,wolfcrypt/src/ripemd.c,wc_InitRipeMd,RIPEMD160_Constants|SHA1_Constants
clang-a64,O3,wolfssl,wolfcrypt/src/ripemd.c,wc_RipeMdFinal,RIPEMD160_Constants|SHA1_Constants
clang-a64,Os,wolfssl,wolfcrypt/src/ripemd.c,wc_InitRipeMd,RIPEMD160_Constants|SHA1_Constants
clang-a64,Os,wolfssl,wolfcrypt/src/ripemd.c,wc_RipeMdFinal,RIPEMD160_Constants|SHA1_Constants
clang-arm32,O0,wolfssl,wolfcrypt/src/ripemd.c,wc_InitRipeMd,RIPEMD160_Constants|SHA1_Constants
clang-arm32,O2,wolfssl,wolfcrypt/src/ripemd.c,wc_InitRipeMd,RIPEMD160_Constants|SHA1_Constants
clang-arm32,O2,wolfssl,wolfcrypt/src/ripemd.c,wc_RipeMdFinal,RIPEMD160_Constants|SHA1_Constants
clang-arm32,O3,wolfssl,wolfcrypt/src/ripemd.c,wc_InitRipeMd,RIPEMD160_Constants|SHA1_Constants
clang-arm32,O3,wolfssl,wolfcrypt/src/ripemd.c,wc_RipeMdFinal,RIPEMD160_Constants|SHA1_Constants
clang-arm32,Os,wolfssl,wolfcrypt/src/ripemd.c,wc_InitRipeMd,RIPEMD160_Constants|SHA1_Constants
clang-arm32,Os,wolfssl,wolfcrypt/src/ripemd.c,wc_RipeMdFinal,RIPEMD160_Constants|SHA1_Constants
clang-x64,O0,wolfssl,wolfcrypt/src/sha.c,InitSha,RIPEMD160_Constants|SHA1_Constants
clang-x64,O0,wolfssl,wolfcrypt/src/sha.c,Transform,SHA1_Constants
clang-x64,O2,wolfssl,wolfcrypt/src/sha.c,wc_InitSha_ex,RIPEMD160_Constants|SHA1_Constants
clang-x64,O2,wolfssl,wolfcrypt/src/sha.c,wc_ShaFinal,RIPEMD160_Constants|SHA1_Constants
clang-x64,O2,wolfssl,wolfcrypt/src/sha.c,wc_InitSha,RIPEMD160_Constants|SHA1_Constants
clang-x64,O2,wolfssl,wolfcrypt/src/sha.c,Transform,SHA1_Constants
clang-x64,O3,wolfssl,wolfcrypt/src/sha.c,wc_InitSha_ex,RIPEMD160_Constants|SHA1_Constants
clang-x64,O3,wolfssl,wolfcrypt/src/sha.c,wc_ShaFinal,RIPEMD160_Constants|SHA1_Constants
clang-x64,O3,wolfssl,wolfcrypt/src/sha.c,wc_InitSha,RIPEMD160_Constants|SHA1_Constants
clang-x64,O3,wolfssl,wolfcrypt/src/sha.c,Transform,SHA1_Constants
clang-x64,Os,wolfssl,wolfcrypt/src/sha.c,wc_InitSha_ex,RIPEMD160_Constants|SHA1_Constants
clang-x64,Os,wolfssl,wolfcrypt/src/sha.c,wc_ShaFinal,RIPEMD160_Constants|SHA1_Constants
clang-x64,Os,wolfssl,wolfcrypt/src/sha.c,wc_InitSha,RIPEMD160_Constants|SHA1_Constants
clang-x64,Os,wolfssl,wolfcrypt/src/sha.c,Transform,SHA1_Constants
clang-arm32,O0,wolfssl,wolfcrypt/src/sha.c,InitSha,RIPEMD160_Constants|SHA1_Constants
clang-arm32,O0,wolfssl,wolfcrypt/src/sha.c,Transform,SHA1_Constants
clang-x64,O0,wolfssl,wolfcrypt/src/sha256.c,InitSha256,SHA256_Constants
clang-x64,O0,wolfssl,wolfcrypt/src/sha256.c,wc_Sha256HashBlock,SHA256_Constants
clang-x64,O2,wolfssl,wolfcrypt/src/sha256.c,wc_InitSha256_ex,SHA256_Constants
clang-x64,O2,wolfssl,wolfcrypt/src/sha256.c,wc_Sha256Final,SHA256_Constants
clang-x64,O2,wolfssl,wolfcrypt/src/sha256.c,wc_Sha256HashBlock,SHA256_Constants
clang-x64,O2,wolfssl,wolfcrypt/src/sha256.c,wc_InitSha224_ex,SHA256_Constants
clang-x64,O2,wolfssl,wolfcrypt/src/sha256.c,wc_Sha224Final,SHA256_Constants
clang-x64,O2,wolfssl,wolfcrypt/src/sha256.c,wc_InitSha224,SHA256_Constants
clang-x64,O2,wolfssl,wolfcrypt/src/sha256.c,wc_InitSha256,SHA256_Constants
clang-x64,O3,wolfssl,wolfcrypt/src/sha256.c,wc_InitSha256_ex,SHA256_Constants
clang-x64,O3,wolfssl,wolfcrypt/src/sha256.c,wc_Sha256Final,SHA256_Constants
clang-x64,O3,wolfssl,wolfcrypt/src/sha256.c,wc_Sha256HashBlock,SHA256_Constants
clang-x64,O3,wolfssl,wolfcrypt/src/sha256.c,wc_InitSha224_ex,SHA256_Constants
clang-x64,O3,wolfssl,wolfcrypt/src/sha256.c,wc_Sha224Final,SHA256_Constants
clang-x64,O3,wolfssl,wolfcrypt/src/sha256.c,wc_InitSha224,SHA256_Constants
clang-x64,O3,wolfssl,wolfcrypt/src/sha256.c,wc_InitSha256,SHA256_Constants
clang-x64,Os,wolfssl,wolfcrypt/src/sha256.c,wc_InitSha256_ex,SHA256_Constants
clang-x64,Os,wolfssl,wolfcrypt/src/sha256.c,wc_Sha256Final,SHA256_Constants
clang-x64,Os,wolfssl,wolfcrypt/src/sha256.c,wc_Sha256HashBlock,SHA256_Constants
clang-x64,Os,wolfssl,wolfcrypt/src/sha256.c,wc_InitSha224_ex,SHA256_Constants
clang-x64,Os,wolfssl,wolfcrypt/src/sha256.c,wc_Sha224Final,SHA256_Constants
clang-x64,Os,wolfssl,wolfcrypt/src/sha256.c,wc_InitSha224,SHA256_Constants
clang-x64,Os,wolfssl,wolfcrypt/src/sha256.c,wc_InitSha256,SHA256_Constants
clang-a64,O2,wolfssl,wolfcrypt/src/sha256.c,wc_InitSha256_ex,SHA256_Constants
clang-a64,O2,wolfssl,wolfcrypt/src/sha256.c,wc_Sha256Final,SHA256_Constants
clang-a64,O2,wolfssl,wolfcrypt/src/sha256.c,wc_Sha256HashBlock,SHA256_Constants
clang-a64,O2,wolfssl,wolfcrypt/src/sha256.c,wc_InitSha224_ex,SHA256_Constants
clang-a64,O2,wolfssl,wolfcrypt/src/sha256.c,wc_Sha224Final,SHA256_Constants
clang-a64,O2,wolfssl,wolfcrypt/src/sha256.c,wc_InitSha224,SHA256_Constants
clang-a64,O2,wolfssl,wolfcrypt/src/sha256.c,wc_InitSha256,SHA256_Constants
clang-a64,O3,wolfssl,wolfcrypt/src/sha256.c,wc_InitSha256_ex,SHA256_Constants
clang-a64,O3,wolfssl,wolfcrypt/src/sha256.c,wc_Sha256Final,SHA256_Constants
clang-a64,O3,wolfssl,wolfcrypt/src/sha256.c,wc_Sha256HashBlock,SHA256_Constants
clang-a64,O3,wolfssl,wolfcrypt/src/sha256.c,wc_InitSha224_ex,SHA256_Constants
clang-a64,O3,wolfssl,wolfcrypt/src/sha256.c,wc_Sha224Final,SHA256_Constants
clang-a64,O3,wolfssl,wolfcrypt/src/sha256.c,wc_InitSha224,SHA256_Constants
clang-a64,O3,wolfssl,wolfcrypt/src/sha256.c,wc_InitSha256,SHA256_Constants
clang-a64,Os,wolfssl,wolfcrypt/src/sha256.c,wc_InitSha256_ex,SHA256_Constants
clang-a64,Os,wolfssl,wolfcrypt/src/sha256.c,wc_Sha256Final,SHA256_Constants
clang-a64,Os,wolfssl,wolfcrypt/src/sha256.c,wc_Sha256HashBlock,SHA256_Constants
clang-a64,Os,wolfssl,wolfcrypt/src/sha256.c,wc_InitSha224_ex,SHA256_Constants
clang-a64,Os,wolfssl,wolfcrypt/src/sha256.c,wc_Sha224Final,SHA256_Constants
clang-a64,Os,wolfssl,wolfcrypt/src/sha256.c,wc_InitSha224,SHA256_Constants
clang-a64,Os,wolfssl,wolfcrypt/src/sha256.c,wc_InitSha256,SHA256_Constants
clang-arm32,O0,wolfssl,wolfcrypt/src/sha256.c,InitSha256,SHA256_Constants
clang-arm32,O0,wolfssl,wolfcrypt/src/sha256.c,wc_Sha256HashBlock,SHA256_Constants
clang-arm32,O0,wolfssl,wolfcrypt/src/sha256.c,Sha256Update,SHA256_Constants
clang-arm32,O0,wolfssl,wolfcrypt/src/sha256.c,Sha256Final,SHA256_Constants
clang-arm32,O2,wolfssl,wolfcrypt/src/sha256.c,wc_InitSha256_ex,SHA256_Constants
clang-arm32,O2,wolfssl,wolfcrypt/src/sha256.c,wc_Sha256Final,SHA256_Constants
clang-arm32,O2,wolfssl,wolfcrypt/src/sha256.c,wc_Sha256HashBlock,SHA256_Constants
clang-arm32,O2,wolfssl,wolfcrypt/src/sha256.c,wc_InitSha256,SHA256_Constants
clang-arm32,O2,wolfssl,wolfcrypt/src/sha256.c,Sha256Update,SHA256_Constants
clang-arm32,O2,wolfssl,wolfcrypt/src/sha256.c,Sha256Final,SHA256_Constants
clang-arm32,O2,wolfssl,wolfcrypt/src/sha256.c,wc_Sha224Final,SHA256_Constants
clang-arm32,O2,wolfssl,wolfcrypt/src/sha256.c,wc_Sha224GetHash,SHA256_Constants
clang-arm32,O2,wolfssl,wolfcrypt/src/sha256.c,wc_Sha256GetHash,SHA256_Constants
clang-arm32,O3,wolfssl,wolfcrypt/src/sha256.c,wc_InitSha256_ex,SHA256_Constants
clang-arm32,O3,wolfssl,wolfcrypt/src/sha256.c,wc_Sha256Final,SHA256_Constants
clang-arm32,O3,wolfssl,wolfcrypt/src/sha256.c,wc_Sha256HashBlock,SHA256_Constants
clang-arm32,O3,wolfssl,wolfcrypt/src/sha256.c,wc_InitSha256,SHA256_Constants
clang-arm32,O3,wolfssl,wolfcrypt/src/sha256.c,Sha256Update,SHA256_Constants
clang-arm32,O3,wolfssl,wolfcrypt/src/sha256.c,Sha256Final,SHA256_Constants
clang-arm32,O3,wolfssl,wolfcrypt/src/sha256.c,wc_Sha224Final,SHA256_Constants
clang-arm32,O3,wolfssl,wolfcrypt/src/sha256.c,wc_Sha224GetHash,SHA256_Constants
clang-arm32,O3,wolfssl,wolfcrypt/src/sha256.c,wc_Sha256GetHash,SHA256_Constants
clang-arm32,Os,wolfssl,wolfcrypt/src/sha256.c,wc_InitSha256_ex,SHA256_Constants
clang-arm32,Os,wolfssl,wolfcrypt/src/sha256.c,wc_Sha256Final,SHA256_Constants
clang-arm32,Os,wolfssl,wolfcrypt/src/sha256.c,wc_Sha256HashBlock,SHA256_Constants
clang-arm32,Os,wolfssl,wolfcrypt/src/sha256.c,wc_InitSha256,SHA256_Constants
clang-arm32,Os,wolfssl,wolfcrypt/src/sha256.c,wc_Sha256Update,SHA256_Constants
clang-arm32,Os,wolfssl,wolfcrypt/src/sha256.c,wc_Sha224Update,SHA256_Constants
clang-arm32,Os,wolfssl,wolfcrypt/src/sha256.c,wc_Sha224Final,SHA256_Constants
clang-x64,O0,wolfssl,wolfcrypt/src/sha512.c,InitSha512,SHA256_Constants
clang-x64,O0,wolfssl,wolfcrypt/src/sha512.c,Transform_Sha512,SHA512_Constants
clang-x64,O2,wolfssl,wolfcrypt/src/sha512.c,wc_InitSha512_ex,SHA256_Constants
clang-x64,O2,wolfssl,wolfcrypt/src/sha512.c,wc_Sha512Final,SHA256_Constants
clang-x64,O2,wolfssl,wolfcrypt/src/sha512.c,wc_InitSha512,SHA256_Constants
clang-x64,O3,wolfssl,wolfcrypt/src/sha512.c,wc_InitSha512_ex,SHA256_Constants
clang-x64,O3,wolfssl,wolfcrypt/src/sha512.c,wc_Sha512Final,SHA256_Constants
clang-x64,O3,wolfssl,wolfcrypt/src/sha512.c,wc_InitSha512,SHA256_Constants
clang-x64,Os,wolfssl,wolfcrypt/src/sha512.c,wc_InitSha512_ex,SHA256_Constants
clang-x64,Os,wolfssl,wolfcrypt/src/sha512.c,InitSha512,SHA256_Constants
clang-x64,Os,wolfssl,wolfcrypt/src/sha512.c,wc_InitSha512,SHA256_Constants
clang-a64,O0,wolfssl,wolfcrypt/src/sha512.c,Transform_Sha512,SHA512_Constants
clang-a64,O2,wolfssl,wolfcrypt/src/sha512.c,wc_InitSha512_ex,SHA256_Constants
clang-a64,O2,wolfssl,wolfcrypt/src/sha512.c,wc_InitSha512_224_ex,SHA256_Constants
clang-a64,O2,wolfssl,wolfcrypt/src/sha512.c,wc_InitSha512_256_ex,SHA256_Constants
clang-a64,O2,wolfssl,wolfcrypt/src/sha512.c,wc_Sha512Final,SHA256_Constants
clang-a64,O2,wolfssl,wolfcrypt/src/sha512.c,wc_InitSha512,SHA256_Constants
clang-a64,O2,wolfssl,wolfcrypt/src/sha512.c,wc_Sha384Final,SHA256_Constants
clang-a64,O2,wolfssl,wolfcrypt/src/sha512.c,wc_InitSha384_ex,SHA256_Constants
clang-a64,O2,wolfssl,wolfcrypt/src/sha512.c,wc_InitSha384,SHA256_Constants
clang-a64,O2,wolfssl,wolfcrypt/src/sha512.c,wc_InitSha512_224,SHA256_Constants
clang-a64,O2,wolfssl,wolfcrypt/src/sha512.c,wc_Sha512_224Final,SHA256_Constants
clang-a64,O2,wolfssl,wolfcrypt/src/sha512.c,wc_InitSha512_256,SHA256_Constants
clang-a64,O2,wolfssl,wolfcrypt/src/sha512.c,wc_Sha512_256Final,SHA256_Constants
clang-a64,O3,wolfssl,wolfcrypt/src/sha512.c,wc_InitSha512_ex,SHA256_Constants
clang-a64,O3,wolfssl,wolfcrypt/src/sha512.c,wc_InitSha512_224_ex,SHA256_Constants
clang-a64,O3,wolfssl,wolfcrypt/src/sha512.c,wc_InitSha512_256_ex,SHA256_Constants
clang-a64,O3,wolfssl,wolfcrypt/src/sha512.c,wc_Sha512Final,SHA256_Constants
clang-a64,O3,wolfssl,wolfcrypt/src/sha512.c,wc_InitSha512,SHA256_Constants
clang-a64,O3,wolfssl,wolfcrypt/src/sha512.c,wc_Sha384Final,SHA256_Constants
clang-a64,O3,wolfssl,wolfcrypt/src/sha512.c,wc_InitSha384_ex,SHA256_Constants
clang-a64,O3,wolfssl,wolfcrypt/src/sha512.c,wc_InitSha384,SHA256_Constants
clang-a64,O3,wolfssl,wolfcrypt/src/sha512.c,wc_InitSha512_224,SHA256_Constants
clang-a64,O3,wolfssl,wolfcrypt/src/sha512.c,wc_Sha512_224Final,SHA256_Constants
clang-a64,O3,wolfssl,wolfcrypt/src/sha512.c,wc_InitSha512_256,SHA256_Constants
clang-a64,O3,wolfssl,wolfcrypt/src/sha512.c,wc_Sha512_256Final,SHA256_Constants
clang-a64,Os,wolfssl,wolfcrypt/src/sha512.c,wc_InitSha512_ex,SHA256_Constants
clang-a64,Os,wolfssl,wolfcrypt/src/sha512.c,InitSha512,SHA256_Constants
clang-a64,Os,wolfssl,wolfcrypt/src/sha512.c,wc_InitSha512_224_ex,SHA256_Constants
clang-a64,Os,wolfssl,wolfcrypt/src/sha512.c,InitSha512_224,SHA256_Constants
clang-a64,Os,wolfssl,wolfcrypt/src/sha512.c,wc_InitSha512_256_ex,SHA256_Constants
clang-a64,Os,wolfssl,wolfcrypt/src/sha512.c,InitSha512_256,SHA256_Constants
clang-a64,Os,wolfssl,wolfcrypt/src/sha512.c,wc_InitSha512,SHA256_Constants
clang-a64,Os,wolfssl,wolfcrypt/src/sha512.c,wc_Sha384Final,SHA256_Constants
clang-a64,Os,wolfssl,wolfcrypt/src/sha512.c,wc_InitSha384_ex,SHA256_Constants
clang-a64,Os,wolfssl,wolfcrypt/src/sha512.c,wc_InitSha384,SHA256_Constants
clang-a64,Os,wolfssl,wolfcrypt/src/sha512.c,wc_InitSha512_224,SHA256_Constants
clang-a64,Os,wolfssl,wolfcrypt/src/sha512.c,wc_InitSha512_256,SHA256_Constants
clang-arm32,O0,wolfssl,wolfcrypt/src/sha512.c,Transform_Sha512,SHA512_Constants
clang-arm32,O2,wolfssl,wolfcrypt/src/sha512.c,wc_InitSha512_ex,SHA256_Constants
clang-arm32,O2,wolfssl,wolfcrypt/src/sha512.c,wc_Sha512Final,SHA256_Constants
clang-arm32,O2,wolfssl,wolfcrypt/src/sha512.c,wc_InitSha512,SHA256_Constants
clang-arm32,O2,wolfssl,wolfcrypt/src/sha512.c,Transform_Sha512,SHA512_Constants
clang-arm32,O3,wolfssl,wolfcrypt/src/sha512.c,wc_InitSha512_ex,SHA256_Constants
clang-arm32,O3,wolfssl,wolfcrypt/src/sha512.c,wc_Sha512Final,SHA256_Constants
clang-arm32,O3,wolfssl,wolfcrypt/src/sha512.c,wc_InitSha512,SHA256_Constants
clang-arm32,O3,wolfssl,wolfcrypt/src/sha512.c,Transform_Sha512,SHA512_Constants
clang-arm32,Os,wolfssl,wolfcrypt/src/sha512.c,wc_InitSha512_ex,SHA256_Constants
clang-arm32,Os,wolfssl,wolfcrypt/src/sha512.c,InitSha512,SHA256_Constants
clang-arm32,Os,wolfssl,wolfcrypt/src/sha512.c,wc_InitSha512,SHA256_Constants
clang-arm32,Os,wolfssl,wolfcrypt/src/sha512.c,wc_Sha512Final,SHA256_Constants
clang-arm32,Os,wolfssl,wolfcrypt/src/sha512.c,wc_Sha512GetHash,SHA256_Constants
clang-arm32,Os,wolfssl,wolfcrypt/src/sha512.c,Transform_Sha512,SHA512_Constants
clang-x64,O0,wolfssl,wolfcrypt/src/wc_kyber_poly.c,kyber_csubq_c,NTT_ML-KEM
clang-x64,O2,wolfssl,wolfcrypt/src/wc_kyber_poly.c,kyber_ntt,NTT_ML-KEM
clang-x64,O2,wolfssl,wolfcrypt/src/wc_kyber_poly.c,kyber_pointwise_acc_mont,NTT_ML-KEM
clang-x64,O2,wolfssl,wolfcrypt/src/wc_kyber_poly.c,kyber_basemul_mont_add,NTT_ML-KEM
clang-x64,O2,wolfssl,wolfcrypt/src/wc_kyber_poly.c,kyber_invntt,NTT_ML-KEM
clang-x64,O3,wolfssl,wolfcrypt/src/wc_kyber_poly.c,kyber_ntt,NTT_ML-KEM
clang-x64,O3,wolfssl,wolfcrypt/src/wc_kyber_poly.c,kyber_pointwise_acc_mont,NTT_ML-KEM
clang-x64,O3,wolfssl,wolfcrypt/src/wc_kyber_poly.c,kyber_basemul_mont_add,NTT_ML-KEM
clang-x64,O3,wolfssl,wolfcrypt/src/wc_kyber_poly.c,kyber_invntt,NTT_ML-KEM
clang-x64,Os,wolfssl,wolfcrypt/src/wc_kyber_poly.c,kyber_ntt,NTT_ML-KEM
clang-x64,Os,wolfssl,wolfcrypt/src/wc_kyber_poly.c,kyber_pointwise_acc_mont,NTT_ML-KEM
clang-x64,Os,wolfssl,wolfcrypt/src/wc_kyber_poly.c,kyber_basemul_mont_add,NTT_ML-KEM
clang-x64,Os,wolfssl,wolfcrypt/src/wc_kyber_poly.c,kyber_invntt,NTT_ML-KEM
clang-a64,O0,wolfssl,wolfcrypt/src/wc_kyber_poly.c,kyber_ntt,NTT_ML-KEM
clang-a64,O0,wolfssl,wolfcrypt/src/wc_kyber_poly.c,kyber_basemul_mont,NTT_ML-KEM
clang-a64,O0,wolfssl,wolfcrypt/src/wc_kyber_poly.c,kyber_basemul_mont_add,NTT_ML-KEM
clang-a64,O0,wolfssl,wolfcrypt/src/wc_kyber_poly.c,kyber_invntt,NTT_ML-KEM
clang-a64,O2,wolfssl,wolfcrypt/src/wc_kyber_poly.c,kyber_ntt,NTT_ML-KEM
clang-a64,O2,wolfssl,wolfcrypt/src/wc_kyber_poly.c,kyber_pointwise_acc_mont,NTT_ML-KEM
clang-a64,O2,wolfssl,wolfcrypt/src/wc_kyber_poly.c,kyber_basemul_mont_add,NTT_ML-KEM
clang-a64,O2,wolfssl,wolfcrypt/src/wc_kyber_poly.c,kyber_invntt,NTT_ML-KEM
clang-a64,O3,wolfssl,wolfcrypt/src/wc_kyber_poly.c,kyber_ntt,NTT_ML-KEM
clang-a64,O3,wolfssl,wolfcrypt/src/wc_kyber_poly.c,kyber_pointwise_acc_mont,NTT_ML-KEM
clang-a64,O3,wolfssl,wolfcrypt/src/wc_kyber_poly.c,kyber_basemul_mont_add,NTT_ML-KEM
clang-a64,O3,wolfssl,wolfcrypt/src/wc_kyber_poly.c,kyber_invntt,NTT_ML-KEM
clang-a64,Os,wolfssl,wolfcrypt/src/wc_kyber_poly.c,kyber_cbd_eta2,NTT_ML-KEM
clang-arm32,O0,wolfssl,wolfcrypt/src/wc_kyber_poly.c,kyber_ntt,NTT_ML-KEM
clang-arm32,O0,wolfssl,wolfcrypt/src/wc_kyber_poly.c,kyber_basemul_mont,NTT_ML-KEM
clang-arm32,O0,wolfssl,wolfcrypt/src/wc_kyber_poly.c,kyber_basemul_mont_add,NTT_ML-KEM
clang-arm32,O0,wolfssl,wolfcrypt/src/wc_kyber_poly.c,kyber_invntt,NTT_ML-KEM
clang-arm32,O2,wolfssl,wolfcrypt/src/wc_kyber_poly.c,kyber_ntt,NTT_ML-KEM
clang-arm32,O2,wolfssl,wolfcrypt/src/wc_kyber_poly.c,kyber_pointwise_acc_mont,NTT_ML-KEM
clang-arm32,O2,wolfssl,wolfcrypt/src/wc_kyber_poly.c,kyber_basemul_mont_add,NTT_ML-KEM
clang-arm32,O2,wolfssl,wolfcrypt/src/wc_kyber_poly.c,kyber_invntt,NTT_ML-KEM
clang-arm32,O3,wolfssl,wolfcrypt/src/wc_kyber_poly.c,kyber_ntt,NTT_ML-KEM
clang-arm32,O3,wolfssl,wolfcrypt/src/wc_kyber_poly.c,kyber_pointwise_acc_mont,NTT_ML-KEM
clang-arm32,O3,wolfssl,wolfcrypt/src/wc_kyber_poly.c,kyber_basemul_mont_add,NTT_ML-KEM
clang-arm32,O3,wolfssl,wolfcrypt/src/wc_kyber_poly.c,kyber_invntt,NTT_ML-KEM
clang-arm32,Os,wolfssl,wolfcrypt/src/wc_kyber_poly.c,kyber_ntt,NTT_ML-KEM
clang-arm32,Os,wolfssl,wolfcrypt/src/wc_kyber_poly.c,kyber_pointwise_acc_mont,NTT_ML-KEM
clang-arm32,Os,wolfssl,wolfcrypt/src/wc_kyber_poly.c,kyber_basemul_mont_add,NTT_ML-KEM
clang-arm32,Os,wolfssl,wolfcrypt/src/wc_kyber_poly.c,kyber_invntt,NTT_ML-KEM
clang-x64,O0,blake3,c/blake3.c,blake3_hasher_init,SHA256_Constants
clang-x64,O0,blake3,c/blake3.c,blake3_hasher_init_derive_key_raw,SHA256_Constants
clang-x64,O2,blake3,c/blake3.c,blake3_hasher_init,SHA256_Constants
clang-x64,O2,blake3,c/blake3.c,blake3_hasher_init_derive_key_raw,SHA256_Constants
clang-x64,O3,blake3,c/blake3.c,blake3_hasher_init,SHA256_Constants
clang-x64,O3,blake3,c/blake3.c,blake3_hasher_init_derive_key_raw,SHA256_Constants
clang-x64,Os,blake3,c/blake3.c,blake3_hasher_init,SHA256_Constants
clang-x64,Os,blake3,c/blake3.c,blake3_hasher_init_derive_key_raw,SHA256_Constants
clang-a64,O0,blake3,c/blake3.c,blake3_hasher_init,SHA256_Constants
clang-a64,O0,blake3,c/blake3.c,blake3_hasher_init_derive_key_raw,SHA256_Constants
clang-a64,O2,blake3,c/blake3.c,blake3_hasher_init,SHA256_Constants
clang-a64,O2,blake3,c/blake3.c,blake3_hasher_init_derive_key_raw,SHA256_Constants
clang-a64,O3,blake3,c/blake3.c,blake3_hasher_init,SHA256_Constants
clang-a64,O3,blake3,c/blake3.c,blake3_hasher_init_derive_key_raw,SHA256_Constants
clang-a64,Os,blake3,c/blake3.c,blake3_hasher_init,SHA256_Constants
clang-a64,Os,blake3,c/blake3.c,blake3_hasher_init_derive_key_raw,SHA256_Constants
clang-arm32,O0,blake3,c/blake3.c,blake3_hasher_init,SHA256_Constants
clang-arm32,O0,blake3,c/blake3.c,blake3_hasher_init_derive_key_raw,SHA256_Constants
clang-arm32,O2,blake3,c/blake3.c,blake3_hasher_init,SHA256_Constants
clang-arm32,O2,blake3,c/blake3.c,blake3_hasher_init_derive_key_raw,SHA256_Constants
clang-arm32,O3,blake3,c/blake3.c,blake3_hasher_init,SHA256_Constants
clang-arm32,O3,blake3,c/blake3.c,blake3_hasher_init_derive_key_raw,SHA256_Constants
clang-arm32,Os,blake3,c/blake3.c,blake3_hasher_init,SHA256_Constants
clang-arm32,Os,blake3,c/blake3.c,blake3_hasher_init_derive_key_raw,SHA256_Constants
clang-x64,O0,blake3,c/blake3_portable.c,blake3_compress_in_place_portable,SHA256_Constants
clang-x64,O0,blake3,c/blake3_portable.c,blake3_compress_xof_portable,SHA256_Constants
clang-a64,O0,blake3,c/blake3_portable.c,blake3_compress_in_place_portable,SHA256_Constants
clang-a64,O0,blake3,c/blake3_portable.c,blake3_compress_xof_portable,SHA256_Constants
clang-arm32,O0,blake3,c/blake3_portable.c,blake3_compress_in_place_portable,SHA256_Constants
clang-arm32,O0,blake3,c/blake3_portable.c,blake3_compress_xof_portable,SHA256_Constants
clang-x64,O0,argon2,src/blake2/blake2b.c,blake2b_init0,SHA256_Constants
clang-x64,O0,argon2,src/blake2/blake2b.c,blake2b_compress,SHA256_Constants
clang-x64,O2,argon2,src/blake2/blake2b.c,blake2b_init_param,SHA256_Constants
clang-x64,O2,argon2,src/blake2/blake2b.c,blake2b_init,SHA256_Constants
clang-x64,O2,argon2,src/blake2/blake2b.c,blake2b_init_key,SHA256_Constants
clang-x64,O2,argon2,src/blake2/blake2b.c,blake2b_compress,SHA256_Constants
clang-x64,O2,argon2,src/blake2/blake2b.c,blake2b,SHA256_Constants
clang-x64,O2,argon2,src/blake2/blake2b.c,blake2b_long,SHA256_Constants
clang-x64,O3,argon2,src/blake2/blake2b.c,blake2b_init_param,SHA256_Constants
clang-x64,O3,argon2,src/blake2/blake2b.c,blake2b_init,SHA256_Constants
clang-x64,O3,argon2,src/blake2/blake2b.c,blake2b_init_key,SHA256_Constants
clang-x64,O3,argon2,src/blake2/blake2b.c,blake2b_compress,SHA256_Constants
clang-x64,O3,argon2,src/blake2/blake2b.c,blake2b,SHA256_Constants
clang-x64,O3,argon2,src/blake2/blake2b.c,blake2b_long,SHA256_Constants
clang-x64,Os,argon2,src/blake2/blake2b.c,blake2b_compress,SHA256_Constants
clang-x64,Os,argon2,src/blake2/blake2b.c,blake2b_init_param,SHA256_Constants
clang-x64,Os,argon2,src/blake2/blake2b.c,blake2b_init,SHA256_Constants
clang-x64,Os,argon2,src/blake2/blake2b.c,blake2b_init_key,SHA256_Constants
clang-x64,Os,argon2,src/blake2/blake2b.c,blake2b_long,SHA256_Constants
clang-a64,O0,argon2,src/blake2/blake2b.c,blake2b_init0,SHA256_Constants
clang-a64,O0,argon2,src/blake2/blake2b.c,blake2b_compress,SHA256_Constants
clang-a64,O2,argon2,src/blake2/blake2b.c,blake2b_init_param,SHA256_Constants
clang-a64,O2,argon2,src/blake2/blake2b.c,blake2b_init,SHA256_Constants
clang-a64,O2,argon2,src/blake2/blake2b.c,blake2b_init_key,SHA256_Constants
clang-a64,O2,argon2,src/blake2/blake2b.c,blake2b,SHA256_Constants
clang-a64,O2,argon2,src/blake2/blake2b.c,blake2b_long,SHA256_Constants
clang-a64,O3,argon2,src/blake2/blake2b.c,blake2b_init_param,SHA256_Constants
clang-a64,O3,argon2,src/blake2/blake2b.c,blake2b_init,SHA256_Constants
clang-a64,O3,argon2,src/blake2/blake2b.c,blake2b_init_key,SHA256_Constants
clang-a64,O3,argon2,src/blake2/blake2b.c,blake2b,SHA256_Constants
clang-a64,O3,argon2,src/blake2/blake2b.c,blake2b_long,SHA256_Constants
clang-a64,Os,argon2,src/blake2/blake2b.c,blake2b_init_param,SHA256_Constants
clang-a64,Os,argon2,src/blake2/blake2b.c,blake2b_init,SHA256_Constants
clang-a64,Os,argon2,src/blake2/blake2b.c,blake2b_init_key,SHA256_Constants
clang-a64,Os,argon2,src/blake2/blake2b.c,blake2b_long,SHA256_Constants
clang-arm32,O0,argon2,src/blake2/blake2b.c,blake2b_init0,SHA256_Constants
clang-arm32,O0,argon2,src/blake2/blake2b.c,blake2b_compress,SHA256_Constants
clang-arm32,O2,argon2,src/blake2/blake2b.c,blake2b_long,SHA256_Constants
clang-arm32,O2,argon2,src/blake2/blake2b.c,blake2b_init,SHA256_Constants
clang-arm32,O2,argon2,src/blake2/blake2b.c,blake2b_init_key,SHA256_Constants
clang-arm32,O2,argon2,src/blake2/blake2b.c,blake2b,SHA256_Constants
clang-arm32,O2,argon2,src/blake2/blake2b.c,blake2b_init_param,SHA256_Constants
clang-arm32,O2,argon2,src/blake2/blake2b.c,blake2b_compress,SHA256_Constants
clang-arm32,O3,argon2,src/blake2/blake2b.c,blake2b_long,SHA256_Constants
clang-arm32,O3,argon2,src/blake2/blake2b.c,blake2b_init,SHA256_Constants
clang-arm32,O3,argon2,src/blake2/blake2b.c,blake2b_init_key,SHA256_Constants
clang-arm32,O3,argon2,src/blake2/blake2b.c,blake2b,SHA256_Constants
clang-arm32,O3,argon2,src/blake2/blake2b.c,blake2b_init_param,SHA256_Constants
clang-arm32,O3,argon2,src/blake2/blake2b.c,blake2b_compress,SHA256_Constants
clang-arm32,Os,argon2,src/blake2/blake2b.c,blake2b_init_param,SHA256_Constants
clang-arm32,Os,argon2,src/blake2/blake2b.c,blake2b_init,SHA256_Constants
clang-arm32,Os,argon2,src/blake2/blake2b.c,blake2b_init_key,SHA256_Constants
clang-arm32,Os,argon2,src/blake2/blake2b.c,blake2b_compress,SHA256_Constants
